:020000040000FA
:10000000C0162020C1020000C5020000C702000087
:1000100000000000000000000000000000000000E0
:10002000000000000000000000000000C902000005
:100030000000000000000000CB020000CD02000024
:10004000CF020000C5320000213600003937000021
:10005000CF020000CF020000CF020000CF0200005C
:1000600000000000CF020000CF02000000000000EE
:10007000000000008D360000E9360000393600002F
:10008000E135000001360000C1350000D135000027
:1000900011360000F13500000000000000000000F3
:1000A000CF020000CF0200000000000000000000AE
:1000B000CF02000000000000CF020000CF020000CD
:1000C00000F002F800F0D1F812A030C80838241867
:1000D0002D18AC4201D100F0C8F80FCCA246AB46B7
:1000E0000CA730CF2D1B083F3F197C427F1E544484
:1000F0002D090426F441641EAC4201D300F0B5F88A
:100100000126334200D0FB1A3343984754465D46DC
:10011000DFE70000348B0000548B0000000000007B
:10012000103A02D378C878C1FAD8520701D330C840
:1001300030C101D504680C60704700000000000069
:100140007047000000000000002300240025002666
:10015000103A01D378C1FBD8520700D330C100D583
:100160000B60704710B56E2902D101F08FF910BDF8
:10017000702902D101F0C9FA10BD662902D108F038
:100180001BF810BD652902D108F016F810BD6729CB
:1001900002D108F011F810BD612902D108F014F85D
:1001A00010BD03681B0A01D380231943692902D1BA
:1001B00001F036F910BD642902D101F031F910BD0A
:1001C000752902D101F02CF910BD6F2902D101F07F
:1001D00047FA10BD782902D101F084FA10BDE9294F
:1001E00002D101F0E3F910BDE42902D101F0DEF9FA
:1001F00010BDF52902D101F0D9F910BDEF2902D1C6
:1002000001F03AFA10BDF82902D101F079FA10BDD7
:100210000368DB0901D380231943632902D101F06C
:100220005CFF10BD732902D101F05FFF10BDE3290F
:1002300002D101F069FF10BDF32902D101F06CFF7A
:1002400010BD002010BD1FB502F04EF804000020C4
:10025000002107F0B3FD401C60600020002107F082
:1002600097FDE0601FBD10B510BD02F015F81146F6
:10027000FFF7E9FF05F0C8F802F0AAFB03B4FFF7A7
:10028000F2FF03BC03F09AFA70B505460C46164619
:1002900002E00FCC0FC5103E102EFAD2082E02D36A
:1002A00003CC03C5083E042E07D301CC01C5361F7D
:1002B00003E021782970641C6D1C761EF9D270BD94
:1002C00006480047FEE7FEE7FEE7FEE7FEE7FEE73B
:1002D00003480449044A054B70470000C100000070
:1002E000C0022020C0162020C0062020C0062020EA
:1002F0000FB41CB5084B06AA7B44694600900598CC
:1003000001F0DDF804460020694601F0EBF82046D4
:100310001CBC08BC04B01847E911000030B5441CEF
:1003200003E00178401C00290DD08107F9D10B4B67
:10033000DD0104C8D11A91432940FAD0001B0A06F6
:1003400003D0C01E30BD001B30BD0A0401D0801E8A
:1003500030BD0902FCD0401E30BD0000010101018A
:10036000F8B5042A2CD3830712D00B78491C0370EC
:10037000401C521E83070BD00B78491C0370401C95
:10038000521E830704D00B78491C0370401C521E78
:100390008B079B0F05D0C91ADF002023DE1B08C97D
:1003A0000AE0FFF771FFF8BD1D4608C9FD401C4675
:1003B000B4402C4310C0121F042AF5D2F308C91A06
:1003C000521EF0D40B78491C0370401C521EEAD414
:1003D0000B78491C0370401C012AE4D40978017091
:1003E000F8BD01E004C0091F0429FBD28B0701D529
:1003F0000280801CC90700D00270704700290BD012
:10040000C30702D00270401C491E022904D383078F
:1004100002D50280801C891EE3E70022EEE700225D
:10042000DFE70000024670B50A4392072AD11E4D4D
:10043000EE0104C808C9541B9443344017D0D0B20D
:10044000D9B2401A2106014310D190B299B2401A94
:10045000210401430AD110021902000A090A401AB4
:100460002102014302D1100E190E401A70BD9A42AA
:10047000DFD010BA19BA884201D9012070BD00201E
:10048000C04370BD02780B78401C491C002A09D07B
:100490009A4207D102780B78401C491C002A01D0EF
:1004A0009A42EFD0D01A70BD010101010022030968
:1004B0008B422CD3030A8B4211D300239C464EE07F
:1004C00003460B433CD4002243088B4231D303093B
:1004D0008B421CD3030A8B4201D394463FE0C309ED
:1004E0008B4201D3CB01C01A524183098B4201D305
:1004F0008B01C01A524143098B4201D34B01C01AF0
:10050000524103098B4201D30B01C01A5241C30867
:100510008B4201D3CB00C01A524183088B4201D3D6
:100520008B00C01A524143088B4201D34B00C01AC2
:100530005241411A00D201465241104670475DE0D7
:10054000CA0F00D04942031000D3404253409C469A
:10055000002203098B422DD3030A8B4212D3890157
:10056000FC2212BA030A8B420CD3890192118B42EE
:1005700008D3890192118B4204D389013AD0921198
:1005800000E08909C3098B4201D3CB01C01A524153
:1005900083098B4201D38B01C01A524143098B421C
:1005A00001D34B01C01A524103098B4201D30B0105
:1005B000C01A5241C3088B4201D3CB00C01A52412A
:1005C00083088B4201D38B00C01A5241D9D2430811
:1005D0008B4201D34B00C01A5241411A00D201464E
:1005E0005241104663465B1001D34042002B00D5B8
:1005F0004942704763465B1000D3404201B505494C
:10060000002802DC491C084000E00846C046C046FD
:1006100002BD00BFFFFFFF7F7047704770470000BB
:10062000F0B50C46871A9C410D46861A9D4103D2AF
:10063000C01BA141D21963410D0D1F0DC94EEC1B0A
:10064000AE435CD07F057F0D0026002F51D02D05D5
:10065000AC46A943DD020123ED0A1B051D432023FF
:100660001B1B24D41746E740381871412F46E7403A
:10067000CC199D402818314661410C0D27D16144A9
:100680009A4013D50023401C594152000ED1400816
:10069000400001224B005205D34207D305204007FA
:1006A000C14201D5B04900E0B0493046F0BD6B0011
:1006B000002A00D001229A181F23203C1B1B01D5C1
:1006C000002302E0E540281871410C0DD7D0012429
:1006D00024050919C407CD0740084908E40F284339
:1006E0006144002CD5D00024401C61419A40D0D1F7
:1006F000CDE76A05520DD9D1C90FC907D5E79C4D81
:100700004E00002801D0012400E0002434195F00CD
:10071000002A01D0012600E00026BE19954FAC4208
:100720000CD8AE420AD8B44206D001256D05EC4281
:10073000BCD010461946F0BD9942FCD00020394685
:10074000F0BDF0B51FB40C460F46811A9F412546F7
:10075000861A9D4106D20125ED076F40401ABC4123
:1007600052187B41210D1E0D8D1BAC467D4D8D43D6
:100770007ED075056D0D7CD00D05AE46AC431B03D8
:100780001B0B794D52429D41202366469B1B14D37F
:100790001746F740381800260090744160462F46EF
:1007A0000741E41900989D402818664116D4714607
:1007B00071189A4025D5012320E093182A466A41F2
:1007C0005200002B00D0521C1E23203E9B1B002BEE
:1007D00061DD3541EE1728186641E8D500187641ED
:1007E0005B1C9A4000D3401C4B05F3181524E340D2
:1007F00010D3002B52D071467118D30FC01802D3FA
:10080000491C05B0F0BD0123DB079A42F9D140082D
:100810004000F6E701225205B21801D1002853D05A
:100820000123CC0ADB029943891E002A08D1020C5D
:1008300003D0020C0004103902E0024600202039E7
:100840000023550B05D112020823550B01D152018B
:100850000D23550C01D112011B1DD50C01D19200A5
:100860009B1C150D01D152005B1C2025EE1A01E0E6
:100870002CE022E00546F54015439840CA1AE107EE
:1008800069181305C918002ABBDA032040070818A5
:10089000C10FC9070FE071466118B2E7F1074008C0
:1008A0000843711071444A000CD001235B059A4241
:1008B000A7D2C90FC9070020A3E74905490D26D1D2
:1008C000002001E00028F4D100219AE7284D6600BD
:1008D000002801D0012100E0002171185F00002AEA
:1008E00001D0012600E00026BE19224FA94210D8EF
:1008F000AE420ED8B14208D001256D05E94206D0BE
:100900001946A802414010467BE79C4201D021468F
:1009100077E70020394674E710B50C465C4005D5F2
:100920000124E4076340FFF70CFF10BDFFF778FEDA
:1009300010BD30B40C465C4004D50124E40763408C
:1009400030BC6DE630BCFCE670B50124E4076140C4
:100950000D465D4002D4FFF763FE70BD6340FFF7B4
:10096000F0FE70BDFF0700000000F0FF0000F07F08
:100970000000E0FF0000F87FF0B5F94D0C091E09FA
:100980002C402E402F468BB0A7437DD0B543FCD0E2
:10099000002E7AD0002CFCD00D465D40ED0F254393
:1009A000AC1BFF25AD0464190894C502440DC902AF
:1009B0002143500DDC0204430120C00701430443DE
:1009C000D2020191200C110C00958C4601042346A3
:1009D0008B430A9161460904E24D8A430991010A59
:1009E0007D4449198039097805464D4301266D1823
:1009F000F605751B6943C90C640B891C4C436418CC
:100A0000B5012C1B250C2E04B4434C434D43210C43
:100A1000691889090591009DE90701D00121C907DD
:100A200004912C4601996708CD072F434C08059D7A
:100A3000E10B4D432D0C29466646754302950D4644
:100A400045432E46029D7D1BB44100950D465D43F6
:100A500001942C0C2F040D465543AE462D0C3D43FE
:100A6000029503947546049C2D04641B049406D2DD
:100A7000029C039D641C002675410395029401AC01
:100A800070CC009F7D1B01E03EE162E1B4410904AE
:100A90000095079101940599A4086143090C0C463F
:100AA0004443650BE7040C4666467443A646640B54
:100AB0003C43039502947446049DE4042C1B049467
:100AC00006D2029C039D641C002675410395029486
:100AD00001AC70CC009F7D1BB44101940C465C437B
:100AE0000095650FE7000C465443A646640F3C434F
:100AF000039502947446049DE4002C1B049406D2D2
:100B0000029C039D641C002675410395029401AC70
:100B100070CC009F7D1BB441AE09AF06049DC90097
:100B2000AD092F43049DA406AD060495079D3443EB
:100B300069180791059DE10B4D432D0C294666462A
:100B4000754302950D4645432E46029D7D1BB441DB
:100B500000950D465D4301942C0C2F040D46554322
:100B6000AE462D0C3D43029503947546049C2D041E
:100B7000641B049406D2029C039D641C00267541EC
:100B80000395029401AC70CC009F7D1BB44101948D
:100B90008C050694079C890A611800950791019CB1
:100BA0000599A4086143090C0D464543680BEF0401
:100BB0000D46644665436C0B3C43049FED047D1B6E
:100BC000AC4602D20025641C6841009E019D371B83
:100BD00085410846584301950C46460FC5005443CD
:100BE000600F28436546E4002C1B02D20025401C00
:100BF0006E41019D3F1AB5412846BD098006284334
:100C00008446A009BF064E020699A406761807433B
:100C1000079D002068410A99079019430020099B0D
:100C200000906046FF1913434041E20F64003A43CD
:100C3000A4460446D71A8C41A04203D90120009053
:100C400020463A46C70F941840416246D20F2243CD
:100C5000644664000494009CBE466400D71AA4460F
:100C6000044602978C417746002F01D1A04204D957
:100C70006046401C8446029A2046C40FA64694183B
:100C80004041049A0546D20F224364466400D31AB9
:100C90008D417146002901D1A84202D928461A4641
:100CA000641C10430122002800D01643610200207A
:100CB000079B891904465C410223002C02DB49187A
:100CC00013466441089DCE0A2D145D194B05670536
:100CD000E10A2C050D1908993E43C9076940002B0C
:100CE00008D0934006D30022761C5141002B01D13D
:100CF000760876001C4A002D43DB154241D0AA43FA
:100D00003FD030460BB0F0BD06180D464D41174C94
:100D10007642AC411AD395181C465C41134A6D4289
:100D2000A24113D3012252054C00D4420AD15C00E7
:100D3000D4420BD04B4002D592021143E2E7490066
:100D40004908DFE75940C90FC90718E000200849E2
:100D5000D8E7054801420DD10342F7D0F2E7000081
:100D60000000FF07F47700000000F07F0000E0FFC4
:100D70000000F87F114859400143C0124140002053
:100D8000C0E70123089A9B069A4205DC032252071A
:100D90008918C90FC907B5E7052252078918074AFC
:100DA0001143D2125140ADE770B515461C460246BC
:100DB0000B4628462146FFF7DFFD70BDFFFFFF7F92
:100DC00030B50346CA02400D1043164D164C0A15A5
:100DD00002D02043002A06DBAA1A002A12DDD040E6
:100DE000FF2A0BDC30BD5205520D01D140004008F6
:100DF000AA1A07D4D0404042FF2A01DD002030BDAE
:100E00000028FCDD4A00002B01D0012000E000207A
:100E1000101801225205D042F0D8C817C0436040D4
:100E200030BD00001E040000000000801F22030CE3
:100E300002D10F22000402D0030E03D004E00020F0
:100E4000014670470002083A030F01D10001121F4A
:100E5000830F01D18000921E002801DB4000521E4A
:100E6000120551184205C012411810467047C10FB3
:100E7000C90700D04042012292071143D6E7012161
:100E80008907D3E7F0B58B4C0F09254689B0BD43E0
:100E90007BD01D092646AE43FAD00E465E40274061
:100EA000F60F3E43254071D024012142FBD0FF24A0
:100EB000AD19A4042D1B039501252D05DB02DB0ACA
:100EC000C9022B43C90A29431E010901040F130F4C
:100ED000050121431701880B820391432D098C469C
:100EE000A90B1E438A039543B30B9A0396433F090C
:100EF000BA0B9403A74302962E467E430497B64648
:100F00004E19D7190C460196544305977E43371B5B
:100F10007646BF1B3601B646BE0B3619009676469E
:100F2000BC043719009C01D3641C00946400002F9A
:100F300001D001263443029E049F754366467E43DA
:100F40000496760034196E0034190094029C019EB8
:100F50001C196643751BAE46069465464519059CEB
:100F600005956C43594375460891691A0191049E91
:100F700001465143A41B0491611A009C0791E106AC
:100F800005D061090122114302E072E06EE06109BF
:100F9000089D00272C0A2D066918049D7C412A0A09
:100FA0002D066918019D6241AC0DAD026D185441CA
:100FB000079A910D920255196141029A644658436D
:100FC0005443069B059A5A43121A131B9A0E9B010F
:100FD0005B187A41010B0005C3185141220A200613
:100FE00044195A419A4200D2491C012040028142D0
:100FF00003D315230226F64302E014230326F64307
:101000002020C51AA9401746AF40DA400A432046BF
:101010000399D8400914731819055118039A3843D5
:10102000D2075140AC4009D00122944006D300229F
:10103000401C5141002C01D1400840001E4A9342FF
:1010400012D3012203989206904207DB0520400745
:1010500009181A480143C012414004E00320400728
:101060000818C10FC907002009B0F0BD0020F10722
:10107000FAE705180C464C4111486D42A04115D3C2
:1010800094181A465A410E48644290410ED30120EA
:101090004A004005824209D35A00824206D3594091
:1010A000C90F084AC90700201143DDE7002006499F
:1010B000DAE700000000FF07FE070000FFFFFF7FE8
:1010C0000000E0FF0000F07F0000F87F0121C9056B
:1010D0000123411842001B06D3185B0E0AD0C11031
:1010E0000722D206891840075242D14201D5520048
:1010F00089187047090208D50146002A03D0C10F9C
:10110000C9070020704710467047420202D00020F5
:1011100002497047072109050143F4E70000F87F01
:10112000F0B5FF252D04C609C209FF2704462E404D
:101130000137CB093E4348402A402B400746002A4E
:101140006BD0002B69D0AA4267D0AB4265D0002893
:1011500000DA32460125ED0529432C43090220021D
:10116000090AD21A4B0C7F24E31A434C000A7C4430
:10117000E35C7D242404121914145B00A218884235
:1011800001D3521C00E0400049420C465C4324114C
:101190005C43DB016415E318040A5C43C502200DBF
:1011A0000C4644436419250A5D432303EC0C0D46A9
:1011B000654300030019EB184C42A34201D35B18AE
:1011C000401CD4052018002B07D05B00C91804D39D
:1011D000401C002901D1400840003F2189048A4277
:1011E00009D3002A08DC1106090F04D0032149079E
:1011F0004018C00FC007F0BD012241001206891837
:101200007F2252069142F6D205214907C84201D5F4
:101210009010F0BDFF20C005F0BD002F00DA32466F
:101220001648AA4207D2AB4205D21902090E17D0BE
:10123000F80FC007F0BDFF2563002D06AB42F9D8BB
:101240004900A942F6D8AB4201D1A942F2D0A94245
:1012500001D1002101E061004908D0050843F0BD3B
:101260001102090EFBD0FF200243D005F0BD0A4653
:101270000146104654E70000E67000000000C07F01
:1012800010B501469E240002CA15A307002A02D009
:101290001843002A04DBA21A002A0CDDD04010BD3E
:1012A0001206120E01D140004008A21A03D4D04009
:1012B00040420028F3DDFF2248001206904201D987
:1012C000002010BDC817C043584010BD0102C21510
:1012D00004D00123DB071943002A0ADB9E239A1A54
:1012E00002D40846D0407047FF22410012069142C6
:1012F00001D900207047C017C04370471F22030C5C
:1013000002D10F2200041CD0030E01D10002083AC2
:10131000030F01D10001121F830F01D18000921E23
:10132000002801DB4000521ED2055118021251184C
:101330001922904004D3491C002801D149084900D2
:1013400008467047C10FC90700D0404201229207EA
:101350001143D3E701218907D0E770B504468569B9
:101360000068C10601D5302600E02026C00707D05E
:1013700070BD62683046A1689047206A401C2062B8
:101380006D1EF6D570BD70B5044685690078C0073E
:1013900007D170BD6268A16820209047206A401C78
:1013A00020626D1EF6D570BD09684A0501D540B2B0
:1013B0007047C905FCD500B2704709684A0501D5D8
:1013C000C0B27047C905FCD580B2704770B50C46F5
:1013D0000546012A05D02878800600D5EA69002351
:1013E00002E0012305E05B1C934202D2E05C00288E
:1013F000F9D1A869E618C01AA861286AC01828623D
:101400002846FFF7AAFF04E06A682078A968641CF0
:101410009047B442F8D32846FFF7B5FF70BD0000EF
:10142000F7B5002575291068009914A611D0FFF7AB
:10143000BBFF002802DA404211A608E000990968C3
:101440008A0701D50FA602E0490704D50EA601259B
:1014500001E0FFF7B2FF009F0024243704E000F012
:1014600080FE30313955641C0028F8D12B463246B5
:101470002146009800F057FAFEBD00000000000071
:101480002D0000002B000000200000001168026801
:10149000006A530501D5087009E0D30501D508801D
:1014A00005E0130602D5C21705C100E0086001205F
:1014B0007047000001694A1C02610878704700B556
:1014C0008FB0029100210591054901937944039160
:1014D00011460490684600F025F90FB000BD0000E9
:1014E000E5FFFFFF0A681070521C0A607047000099
:1014F000F7B50446154686B02B487844002703C844
:101500003E460090019111E007986A467100415AE9
:1015100002A800F005FE411C07D02178890603D5FA
:10152000E269391891420ED83F18761C207880065F
:1015300002D5E069B84206DDAE42E5DB07987100EE
:10154000405A0028E0D1A069C01BA0612046FFF7E7
:1015500004FF154878445A3803C8009000200191D0
:1015600016E041006A460798415A02A800F0D8FDEB
:101570000590401C0AD0002505E0626802A8A16819
:10158000405D90476D1C05988542F6D30498401C39
:10159000B0420490E5DB206AC01920622046FFF7C4
:1015A000F2FE09B0F0BD00009A6D0000F7B5D21D43
:1015B0000025D20815A6D200F52905CA11D0002AA7
:1015C00005DA00214042914111A60A4608E000993F
:1015D00009688B0701D50FA602E0490701D50EA6C1
:1015E00001251146009F0024243704E000F05EF935
:1015F00030323A55641C02460A43F7D12B46324634
:101600002146009800F08FF9FEBD000000000000A8
:101610002D0000002B0000002000000070B50446E3
:101620000021243408E05507D2086D0F3035655489
:101630005D072A43DB08491C15461D43F3D10468A6
:10164000002310A2250708D520252C400C4304D0E8
:10165000C46901230CA2641EC46100F064F970BD6A
:1016600010B5044621461068FFF7A7FE0023024686
:101670002046FFF7D3FF10BDD21DD108C9000CC909
:10168000CCE700000000000030000000F8B50F4675
:101690000188090502D5224C7C4402E0204C7C44A0
:1016A0000E3405460021243508E016071209360FCE
:1016B000A65D6E541E0732431B09491C16461E4385
:1016C000F3D1224604780023240705D5702F06D0D5
:1016D000002901D00223113200F025F9F8BD0123C1
:1016E0001032F9E770B504460D4621461068FFF741
:1016F00064FE0023024629462046FFF7C7FF70BD5F
:10170000D21DD308DB000CCBC0E730B40368202423
:101710001268234303600823C36130BC0023B5E78C
:10172000046C0000F3B50446002081B0206220461E
:10173000E1688847002872D0252802D06268A16835
:10174000ABE0594F00267F442046E16888472028B7
:10175000054608DB312D06D278192038007800289C
:1017600001D00643F0E7B00701D5042086430020EE
:10177000E0610746A0612A2D0AD0284606F001FB49
:10178000002827D0B8000019303D0090856119E08D
:101790000298BA00121902C8916102902046E168CD
:1017A0008847012F054617D1E06900281FDA20205D
:1017B00086431CE000980A2180694843009940193B
:1017C000303888612046E1688847054606F0D9FA36
:1017D0000028EFD1012F0AD02E2D08D12046E16834
:1017E00088470546202006437F1C022FC3DBA069E3
:1017F000002803DA4042A06101200643F00701D02F
:10180000102086436C2D0BD0682D09D04C2D3CD078
:101810006A2D38D0742D38D07A2D36D016E040E0BD
:10182000E1682F4620468847B842054609D16C2F0B
:1018300029D001208002E1680643204688470546FA
:1018400004E06C2F1DD0FF2001300643002D28D06E
:1018500028464138192803D80120C0020643203504
:10186000204626602946029A1646FEF77BFC002891
:1018700010D001280BD0F61DF008C00008300290EF
:1018800055E74020E1E78020D5E70020D3E7361D6B
:1018900002964CE762682846A1689047206A401C7F
:1018A00044E7206AFEBD00007E6B00000B4670B569
:1018B000024689078008084319469D08141AA94161
:1018C00025090807054308092C194841250A01067E
:1018D0000D43010A2C194141200C0D0428430D0C25
:1018E00000194D41002140194D41C00869070843C6
:1018F000E908840F8D002543840024184D412419E4
:101900006D41121BAB4107E00925ED432C11521923
:1019100063410024401C61411C460A250026551BDA
:10192000B441F1D270BDFFB504460D4681B02430FC
:1019300000902168880604D51022E0699143216057
:1019400000E00120A84201DD471B00E000270498C9
:10195000A1697A191018081AA0612078C00602D46B
:101960002046FFF7FAFC002608E003986268A168A9
:10197000805D9047206A401C761C20620498864255
:10198000F3DB2078C0060AD52046FFF7E6FC06E028
:101990006268A16830209047206A401C2062384667
:1019A0007F1E0028F4DC07E000986268A168405DB3
:1019B0009047206A401C206228466D1E0028F3DCF8
:1019C0002046FFF7E0FC2078000602D5022005B093
:1019D000F0BD0120FBE70000FFB50C461E468FB0AE
:1019E00003CA089009914F007D0D00D16D1E0021A2
:1019F00008460020C0460321099A89050840002AAC
:101A000003DA8200801840080840800D01280A90FF
:101A100002DD0020C0430A90089807430DD0F0482B
:101A2000F049281848430714189800281DD075421B
:101A3000291E1DDD0A9842421BE01898012802D099
:101A40000020302104E00020F24305E02154401C36
:101A5000B042FBDB30460022189B002121540F9935
:101A60008B600A60486013B0F0BDBD1B6D1CDFE7E2
:101A70000A9A002900DA69420BA800F07DFC0BAB42
:101A800007CB03AB07C30899099800F0E1FC6B464C
:101A900007C30146D4480918002D00910BDDD24937
:101AA00003980A9A49424018002303A90390684604
:101AB00000F03EFF08E003990A9A0023081803A9E2
:101AC0000390684600F0DEFE6B4607C30004000C7E
:101AD00003D00020C043410800E01046189A002AB5
:101AE00003D00022009215461EE0751E05D4FFF7B4
:101AF000DDFE303262556D1EF9D50122084307968E
:101B000002D000227F1C04E02078302801D100227E
:101B10007F1E002A069787D01EE0112D07DAFFF7F7
:101B2000C5FE303262556D1C02460A43F5D10843AA
:101B300003D00098002819D00EE00021681E05E0AF
:101B4000235C625C63542254401E491C8142F7DBD3
:101B5000A81B401E07950690079A18990020A054CC
:101B60000F98079B069A81600CC07CE71126002025
:101B7000189059E7D21DF0B50D460446D10893B030
:101B8000C90003C90C900D9106F094F802460D9817
:101B9000C00F01D02D2007E02068810701D52B2040
:101BA00002E04007C00F4001032A0F9001D0072A2E
:101BB00005DB03462946204600F09AFB0EE120781B
:101BC000800601D5E76900E006272846652D04D088
:101BD000662814D0672D69D12DE00020112F0090C8
:101BE00001DB112300E07B1C0CAA03A910A8FFF75E
:101BF000F3FE1199002610987D1C0E9142E0012001
:101C00003B460CAAC0070B900120009003A910A826
:101C1000FFF7E2FE119D12981099002600280E95FC
:101C200001D1781C0D18781B02D446427D1C761E0B
:101C3000E81B00903AE0012F00DA01270020112F65
:101C4000009001DD112300E03B460CAA03A910A877
:101C5000FFF7C2FE11993D46109800260E9121789B
:101C600009070BD40E99A94200DA0D4603A9012DEC
:101C700004DD4A19203AD27F302A06D0B84201DA70
:101C8000011D04DA012100910FE06D1EEFE700282D
:101C900002DC86192D1A03E0411CA94200DD0D4625
:101CA000801B401C00900120C0070B90207800078B
:101CB00005D40098A84202DB0020C043009069468A
:101CC0000020C8720B98012102AF0337C907884270
:101CD00025D0022010902B2011900B9800280BDAB1
:101CE00040420B902D20119006E00B9800F039FA3D
:101CF00030317F1E0B9039701099481E00291090CA
:101D0000F3DC0B980028F0D111987F1E38702088E2
:101D1000000501D5452000E065207F1E387001A830
:101D2000C01BC01D0B900F98002800D00120411946
:101D30000098C01709180B980818A169081A401EC6
:101D4000A0612078C00602D42046FFF706FB0F985A
:101D5000002805D06268A1689047206A401C206274
:101D60002078C00625D52046FFF7F7FA21E0002E9F
:101D700007DB0E98B04204DD03A86268805DA168AD
:101D800002E06268A16830209047206A761C401CFF
:101D900020620098401E002800900AD100F0A4FAAA
:101DA000C06862680168405CA1689047206A401C76
:101DB000206228466D1E0028D9DC07E0626838786A
:101DC000A1687F1C9047206A401C20620B99481E26
:101DD00000290B90F2DC2046FFF7D5FA032042E6FB
:101DE00001FCFFFF104D0000E1DFFFFFD21DF0B549
:101DF00004460D46D0088DB0C000466807683146DD
:101E0000384605F057FF0246F00F01D02D2307E0BA
:101E10002068810701D52B2302E04007C00F430152
:101E20006846002B037001D0012000E00020032A47
:101E30000A9001D0072A04DB2946204600F058FA10
:101E40002DE12078800601D40D2500E0E5697000C1
:101E5000400D0D2D01904BDA300D00210B900846FE
:101E60000020C046032189050840002E05DA8200C3
:101E70008018C20F1018401008408015012801DD9D
:101E80000020C043A9000023182906D39C460A4617
:101E90000123183A1B07D34003E001221205CA4070
:101EA00094460C31202902D33A46203900E03246CC
:101EB0008A40002802DD002A06D119E0002817D147
:101EC0000121C9078A4213D3194663467F185E4130
:101ED000002806D10120C007824202D1084687436C
:101EE0009E430B98310D814202D00198401C019015
:101EF0002088000502D57149794402E06F49794490
:101F000019396B460A9830221A540A980A7C401CE8
:101F10001A54401C0A900198002801DC302000E08F
:101F200031201872019A0120002A02D0644BD21885
:101F300004E072003A4302D0614A521C0192002D23
:101F400002DC2278120703D56A462E205072022046
:101F50000022864694460CE032033601120F6D1EB5
:101F60008B5C02AA13546246521C401C9446052AFC
:101F700001DA002DF0DC002202AE08E03B0F3F0149
:101F8000CB5C521C6D1E3354401C082A01DA002D14
:101F9000F4DC23689A0601D511E0401E704504DD8B
:101FA0003218203AD27F302AF7D0002807DD3218C5
:101FB000203AD27F2E2A02D11A0700D4401E002DCB
:101FC00003DD3E223254401C6D1E497C3154019980
:101FD000401C002906DA2D21471C3154019840424B
:101FE000019003E02B21471C315401987D21C90049
:101FF000884206DBFEF764FA3030F0557F1C019111
:1020000001E0642808DB01986421FEF759FA3030BA
:10201000F0557F1C019101E00A2806DB01980A2196
:10202000FEF74EFA3030F0557F1C01980A21FEF77A
:1020300047FA3031F1550A98A1697F1C7A191018B6
:10204000081AA0612078C00602D42046FFF785F95F
:10205000216A6E460A980818206204E062683078A7
:10206000A168761C90470A98401E0A90401CF5D142
:102070002078C00602D52046FFF76FF902AE09E0CE
:102080003078761C3E280DD06268A1689047206A9F
:10209000401C20627F1EF3D22046FFF774F90DB07A
:1020A0000320F0BD206A4019206203E06268A16845
:1020B000302090476D1EEDD3F8E70000F06300007C
:1020C00001FCFFFF10B54369002B02D0C046C0469B
:1020D00001E0FFF77BF9012010BD127801462431A1
:1020E0000A7000224A700122ECE711680022D243F4
:1020F000E8E710B54369002B02D0C046C04601E0B6
:10210000FFF7F6F9012010BD1288014624318284C0
:102110000022C2840122ECE711680022D243E8E7E2
:10212000F8B516460C46054600F0D6F80368FF20C1
:102130000230C05C012807D0FF2C0FD8185D0028A2
:102140000CD001202C70F8BDFF33324621460833F5
:102150001868C71828460023B847F8BD0020C043B8
:10216000F8BD01468008081A02091018020A101862
:10217000020C1018C008820012185200891A01E0DF
:10218000401C0A390A29FBD270470000F8B5264CDA
:102190004E00069DA6420AD8A64201D1002806D1CB
:1021A0005E00A64203D8A6420AD1002A08D00D2418
:1021B0002404254233D02946002000F011FCF8BD4C
:1021C0000C461C4311D4994207D0C81A02D3EFF32E
:1021D0000080F8BDEFF30080F8BD801A02D3EFF362
:1021E0000080F8BDEFF30080F8BD09242407E50066
:1021F0008B4207D0581A02D3EFF3008006E0EFF3CA
:10220000008007E0101A03D3EFF30080A04303E03F
:10221000EFF30080A043284380F30088F8BD0095C9
:1022200000F0F6FBF8BD00000000E0FF10B5FF2352
:102230001B0644009C421DD84C009C421AD8034601
:10224000124A0B4307D4401A02D3EFF3008010BDAB
:10225000EFF3008010BD081A03D3EFF30080904322
:1022600005E0EFF3008001219043C907084380F3A4
:10227000008810BD0D231B041A4204D01146002013
:1022800000F0AEFB10BD00F0CDFB10BD00000090D3
:1022900000487047E00020207546FFF7F9FFAE4682
:1022A000050069465346C008C000854618B020B5F1
:1022B000FEF70EF860BCB64600260027C0C5C0C5B4
:1022C000C0C5C0C5C0C5C0C5C0C5C0C5403D490822
:1022D00049008D467047000010B500F005F8001D5C
:1022E00010BD00BFD95A00000048704700012020EF
:1022F000F8B51F46044601230068DB0203260146A9
:102300001840072A05DB002801D017A506E017A50D
:1023100004E0002801D016A500E016A51020814396
:102320002160A069C01E002FA06101D0401EA061E5
:102330002046FFF712F8002F09D038466268A168DE
:102340009047206A401C2062C01C206206E0206A80
:10235000FAE762682878A1686D1C9047761EF8D26B
:102360002046FFF710F8F8BD4E414E006E616E003A
:10237000494E4600696E6600F7B516468AB0334886
:1023800078446C4603467C33C06F5A689B680DC422
:102390002E487844763003AC0DC80DC43720C001F8
:1023A000081837211B30FEF78BF805460C46803D98
:1023B0001B3C02D56442012000E000200027099068
:1023C00010E0E0070CD00C202049784379443246D5
:1023D0004C3941186846012300F054FA6B4607C394
:1023E00064107F1C002CECD1184F7F442E3F16E068
:1023F000E80712D02001C0190EC806910893079271
:102400000068F04201D1981908903246012306A9CC
:1024100003A800F037FA03AB07C36D10641C002D4E
:10242000E6D10998002806D032466946012303A860
:1024300000F07EFA05E001233246694603A800F069
:1024400021FA0A9B07C30DB0F0BD00007C5F0000BD
:10245000034640000A4610B5400D0BD00121C907C4
:102460000F24A40200191C0364082143540D2143C6
:10247000D20207E000210120F2E7D40F49002143F6
:102480005200401E0029F8DADB0FDB07184310BDAD
:10249000FFB50D46144685B04868516805F0F2FB5B
:1024A00000910190A868A16805F0ECFB02910390EF
:1024B000A868616805F0E6FB029A1218824202924F
:1024C00001D2012000E00020019A0B18D218002848
:1024D000019202D08A4202D903E08A4201D201204D
:1024E00000E000200099081800906868A16805F0D5
:1024F000C9FB029A12188242029201D2012000E026
:102500000020019A0B18D2180028019202D08A42AA
:1025100002D903E08A4201D2012000E000200099A4
:1025200008180090286821684000490040084908C0
:102530004018FA49471814E001994000C90F0843B0
:102540000090019802994000C90F08430190029839
:1025500003994000C90F08430290039840007F1E72
:10256000039000980028E7DA0898002801D0EC4E84
:1025700000E00026B74201DA012000E00020002838
:1025800004902AD0F71BF806C00E15D0029B20211C
:10259000091A039A8B401A430392029A019BC24084
:1025A0008B401A430292019A009BC2408B400099D3
:1025B0001A430192C14000917B110DD06F46032058
:1025C000C11A03D500218200B95003E08A008100BE
:1025D000BA587A50401EF3D537460398029900281E
:1025E00000D00120014308980291002808460CD031
:1025F000002800D001200199019A490508430121D2
:10260000D20AC902D202019200E001210E9B0122EE
:10261000D207012B02D0002B03D013E0002807D1F2
:1026200020E0904204D890420CD1019B0B4209D08B
:10263000019B5918019105D10099491C009101D1C4
:102640007F1C009200280DD0102108460020C046B3
:102650000498002806D00F98002803D008210846C7
:102660000020C04628682168019B009A4840C10F9D
:102670000598C90739430EC009B0F0BDFFB587B052
:10268000099A08980899536892684068896896463C
:102690000022039317469446089A12685300099A39
:1026A0005B081268520052089A1A9E4BD4180A9A74
:1026B000002A01D0352200E04022069200220123A8
:1026C00015460492DB07059324E0002D05D17546DD
:1026D0000346039E4D1BB34109D375466646039BD3
:1026E000491B049D9841059B7519AC465F416346A3
:1026F0003B4308D0059B049EDD0776082E435B080C
:102700000496059301E0521E641EC50FED0749189B
:102710004041521C069B9A42D7DB002D04D17546DE
:10272000039A6B1A824101D203200CE0039A0B46F4
:102730006B404240134303D0014303D0012002E029
:10274000022000E0002061460191002100970291E3
:102750000A99002905D0614640020143704B01915E
:1027600002E08007002302909C4201DA012000E091
:10277000002007003AD01A1BD006C00E15D0029DCB
:102780002021019C091AC5408C402543029C8C40A5
:1027900000D001242543019C0295009DC4408D403A
:1027A00000992C430194C140009154111DD06D46F5
:1027B0000221002202290CD10320001B07E000287F
:1027C00004DB8600AE59002E00D00122401C0328F5
:1027D000F5DB081B02D588002A5004E08000285849
:1027E00010438A00A850491EE3D51C460A980028C9
:1027F00002980CD0002800D001200199019A4905C7
:1028000008430121D20AC902D202019200E001214B
:10281000109B0122D207012B02D0002B03D013E022
:10282000002807D11FE0904204D890420CD1019BB0
:102830000B4209D0019B5918019105D10099491CFF
:10284000009101D1641C009200280CD01021084690
:102850000020C046002F06D01198002803D0082180
:1028600008460020C04608980999019A009B006814
:1028700009684840C10F0798C907214382600AC010
:102880000BB0F0BD00B585B0019300920A46014639
:10289000002302A8FFF7FCFD02A807C805B000BD91
:1028A000FFB50A461F4685B00799019301230091A1
:1028B000014602A8FFF7ECFD02990398049ECA0F97
:1028C0004900D20700920F22490892028C1A002177
:1028D000002800DB0C46450013486D08844214D3E1
:1028E000079A002A04DA441E0026104DF64302E03F
:1028F00004460D460E46102108460020C046002F13
:1029000003D0042108460020C0462005E90A0843F8
:10291000009908436905F20A1143ADE602C0FFFFC2
:10292000013C0000FF3F0000FF070000FFFFFF7FAA
:1029300000B585B0019300920A460146002302A823
:10294000FFF79CFE02A807C8A8E7FFB50A461F4686
:1029500085B00799019301230091014602A8FFF772
:102960008DFE02990398049ECA0F4900D207009277
:102970000F22490892028C1A0021002800DB0C4625
:10298000450011486D08844214D3079A002A04DADE
:10299000441E00260D4DF64302E004460D460E4649
:1029A000102108460020C046002F03D0042108460D
:1029B0000020C0462005E90A08430099084369053C
:1029C000F20A114358E60000FF070000FFFFFF7FF7
:1029D00010B50446C046C0462046FDF74FFC10BD6A
:1029E000C80212D54803400F002804D0C803C043D2
:1029F000012188407047EFF30080000100090321A6
:102A00000907084380F300887047002070470000E2
:102A100010B500200249029A00F00CF810BD000029
:102A20000000F87F10B5024800F004F810BD000067
:102A30000000C07F10B50C461107090F092904D00A
:102A40000A290AD008290CD104E011460820FFF712
:102A5000C7FF06E0510606D501E0510601D5012069
:102A6000C007214610BDD10607D501010909CC08D0
:102A70004907000E0006044309E0410F2002490700
:102A8000000A0143200E00061D22D14101430846E1
:102A9000E7E7000081B0009000990120C20266487B
:102AA000885001B07047C04681B000900099674AD5
:102AB0006748885001B0704783B00290019100923E
:102AC00002980199084300990843A149086003B09E
:102AD0007047C0469E480068072108407047C046BE
:102AE00082B001900199881E001F00BFFCD20090A7
:102AF00002B0704784B0039002910192039800687D
:102B00000090009801998843009000980299019ADA
:102B1000114008430399086004B0704784B00390E3
:102B200002910192039800680090009801998843EF
:102B3000009000980299019A114008430399086097
:102B400004B0704784B0039002910192039800682A
:102B50000090009801998843009000980299019A8A
:102B6000114008430399086004B0704784B0039093
:102B7000029101920398006800900098019988439F
:102B8000009000980299019A114008430399086047
:102B900004B0704781B0009000990120C20226481D
:102BA000885001B07047C04681B000900099012064
:102BB000C2022148885001B07047C04610B584B0A9
:102BC000069C039002910192009302980199084398
:102BD000009908430699084303490843039989006B
:102BE000074A885004B010BD8100040081B00090F5
:102BF00000988100024A0020885001B07047C0460A
:102C00000480424081B000900099104A10488850DA
:102C100001B0704781B0009000990C4A0C48885070
:102C200001B0704781B0009000990120C2020248B3
:102C3000885001B07047C0460100002681B0009066
:102C40000099024A0248885001B070470408000009
:102C5000030000B180B584B0039002910192039902
:102C600002980143019801433F200204CE48FFF738
:102C70007DFF04B080BDC04680B586B0059000F0F1
:102C800087F8FFE700F0B8F801218903084088427F
:102C900001D0FFE7F6E70598417E2948039001221D
:102CA0000192FFF763FF05982021415C25480290BF
:102CB0000322FFF75BFFFFF70DFF01460198049128
:102CC00000210422FFF7F8FE02980599496A096875
:102CD0001D4A11600599496A49681C4A11600499A6
:102CE0001B4A11600599C9694906490C7F221202E5
:102CF000FFF73CFF0398059A11680907090B536811
:102D00001B039BB2C91893681B071B0DC918D36816
:102D100019431369194353691943127E11430D4A2C
:102D2000FFF724FF00F05CF8FFE700F065F80121F1
:102D300049020840884201D0FFE7F6E706B080BDAF
:102D400020010B4024010B4028010B402C010B40BB
:102D50000013404072FF0F007049086801221207FB
:102D6000904308607047C0465F490868012290435D
:102D7000086070475C49086801229043086070470A
:102D80005949086801221202904308607047C04602
:102D90005549086801221202904308607047C046F6
:102DA0005E49086801221207104308607047C04658
:102DB000A149086801221203104308607047C04609
:102DC0000249086810221043086070473C010B401C
:102DD0004549086801221202104308607047C04646
:102DE0004149086801221202104308607047C0463A
:102DF000034800687047C046014800687047C046F5
:102E000004020B4080B5FFF7F3FF0121490608409B
:102E1000400E80BD014800687047C04650010B401D
:102E200081B001466846017000780249086001B02F
:102E30007047C04608030B4080B582B001900199ED
:102E40001F2002065848FFF769FE02B080BDC04649
:102E500080B582B0014601A8018001880F200202DE
:102E60007548FFF75BFE02B080BDC04680B582B0FA
:102E7000014601A80170007801030F2002034A48AF
:102E8000FFF74CFE02B080BD80B586B005AB019364
:102E90001880049103A802900270FFF76BFF01985D
:102EA000008800F023F8049800F02EF802980E4AEB
:102EB00011680123194311600078C00700280DD064
:102EC000FFE7FFF76DFFFFE7FFF796FF012109021C
:102ED0000840884201D0FFE7F6E702E0FFF73CFF39
:102EE000FFE706B080BDC04608010B4080B582B048
:102EF000014601A801800188032002030748FFF76B
:102F000035FE02B080BDC04680B582B00190019907
:102F10000248FF22FFF72AFE02B080BD10010B40DD
:102F200081B001466846017000780249086001B02E
:102F30007047C0460C010B4080B582B001900199EA
:102F40000878C007C00D89784118FF2204320B4869
:102F5000FFF70CFE0A490B48086001984078C0074B
:102F6000002806D0FFE705490868102210430860D2
:102F7000FFE703490448086002B080BD14010B401C
:102F800014030B40010000910200009180B582B053
:102F9000014601A801800188012042020248FFF792
:102FA000BDFD02B080BDC04638010B4080B582B087
:102FB000014601A80170017802480322FFF7AEFD27
:102FC00002B080BD00010B4080B582B0014601A86F
:102FD0000170017818483022FFF7A0FD02B080BDD3
:102FE00001490248086070472C030B400100000EA5
:102FF00080B582B0014601A801700078FFF790FF0C
:10300000FFE7FFF7F9FE012149050840884201D09A
:10301000FFE7F6E708490868012212041043086038
:10302000FFE7FFF7E9FE10210840102801D0FFE775
:10303000F7E702B080BDC04604010B4009490868AB
:10304000052210430860704781B0009005490420B4
:1030500008600098401E0449086004490020086088
:1030600001B0704710E000E014E000E018E000E07C
:1030700081B0009000990120C2028748885001B0B9
:103080007047C04681B0009000998C4A41488850F2
:1030900001B0704782B00190009100980199024AF6
:1030A000885002B07047C0464810000081B00090C0
:1030B000009911200202885801239843885001B0DA
:1030C000704781B0009000991120020288580123B6
:1030D0001843885001B0704781B0009000990120DA
:1030E000C2026D48885001B07047C04681B0009060
:1030F0000098812149014058C0B201B070470000DA
:1031000080B582B0019000910198FFF7CFFF019840
:10311000112109024018009A118893781943928866
:103120001143084AFFF70EFD01982D494018009AF7
:103130009179D3791943127A11437E22FFF702FD68
:1031400002B080BD1867020081B000900098474926
:1031500040580121084001B07047C04681B000903E
:1031600000984249405804210840800801B0704747
:1031700081B00090009802494058C0B201B0704739
:103180002411000081B0009000994C4A01488850F9
:1031900001B07047030000B180B584B00390029184
:1031A000019203980B49401802990B4AFFF7A2FCC1
:1031B00003980A49401801993F22FFF79BFC0399A5
:1031C000074A8818895801221140FFF793FC04B080
:1031D00080BDC04610110000FFFF00001411000068
:1031E0000411000082B001900091009800780199CC
:1031F000044A8850009840780199012212038850AF
:1032000002B070470810000080B582B001900091B4
:10321000019811210902401800990322D203FFF7F7
:1032200069FC02B080BD82B00190684601700078F0
:10323000019989225201885002B0704782B00190F2
:103240000091009908784A78104349880843019909
:1032500011221202885000994868896809040843BD
:103260000199024A885002B07047C0460811000018
:1032700081B0009000990120C2020748885001B037
:103280007047C04681B0009000990120C2020248F8
:10329000885001B07047C0460100002681B0009000
:1032A0000099064A0648885001B0704781B00090E6
:1032B0000099024A0248885001B070470408000093
:1032C000010000B180B584B003A90020087002A9F4
:1032D00008703B48006881214901405801900198DD
:1032E000002830D0FFE70198411E03A80170007844
:1032F0000F280EDCFFE7324800683249405803A926
:1033000009780907C90EC8400321084002A90870BE
:103310000EE02B4800689D214901405803A9097817
:103320000907C90EC8400321084002A90870FFE739
:1033300003A8007883002448C25802A800782349D3
:10334000C95890473AE01E484068812149014058D9
:1033500001900198002830D0FFE70198411E03A892
:10336000017000780F280EDCFFE71548406815490A
:10337000405803A909780907C90EC840032108402D
:1033800002A908700EE00E4840689D21490140588E
:1033900003A909780907C90EC8400321084002A9FA
:1033A0000870FFE703A8007883000748C25802A806
:1033B00000780649C9589047FFE7FFE704B080BD91
:1033C0008000202090130000000020208001202099
:1033D00080B582B00920FFF709FC0A20FFF706FC40
:1033E0000720FFF703FC0820FFF700FC00210091F5
:1033F00001200204C3042720FFF7E0FB02B080BDD8
:1034000080B586B005A9002001900870FFF714FD73
:103410000198012211059204FFF71CFCFFF7E0FD63
:10342000FFE7FFF7EFFC002801D1FFE7F9E7FFF71F
:10343000F1FC03900120010542040020FFF70AFC83
:10344000FFF7CEFDFFE7FFF7DDFC002801D1FFE726
:10345000F9E7FFF7DFFC049003997D20C0004843A3
:103460000499FDF723F802900298FDF708FD002269
:103470000D4B04F040FC00280FD1FFE70298FDF748
:10348000FEFC0022D243094B04F02AFC002804D1A0
:10349000FFE705A901200870FFE705A800780121D2
:1034A000084006B080BDC04600289F40FF579F409F
:1034B00080B582B000200090FFF7B2FC012001909F
:1034C0004002FFF7C5FC0098FFF770FDFFF74CFCCA
:1034D000FFF756FC019A032000030A21FFF7D4FCF2
:1034E0001648FFF7C9FBFFE7FFF78AFF00280FD157
:1034F000FFE7FFF745FCFFF76BFCFFE7FFF778FC02
:10350000012149020840884201D0FFE7F6E7EBE7D6
:103510001020FFF759FD0920FFF7A8FC0848FFF726
:103520000BFDFFF745FCFFF74BFC01204002FFF7C6
:103530002DFD0020FFF75CFD02B080BDC0850000BE
:10354000BC85000080B55020FFF77EFDFFF776FDBB
:1035500080BD000080B502491848FFF76FFE80BDAE
:10356000E885000080B500F009F8FFF731FFFFF7AC
:103570009FFFFFF7EFFFFFF7E5FF80BD80B584B049
:103580000C480190FFF746FB0B480290FFF742FB07
:103590000A480390FFF78AFE0198FFF705FB02989F
:1035A000FFF702FB0398FFF76DFE1020FFF798FA74
:1035B00004B080BD00000A4000200A400000034023
:1035C00080B51B4802681B4801680020904780BDF9
:1035D00080B517484268174841680020904780BD71
:1035E00080B513488268134881680020904780BDE9
:1035F00080B50F4882690F4881690020904780BDDF
:1036000080B50B48C2680B48C1680020904780BD58
:1036100080B507480269074801690020904780BDCE
:1036200080B503484269034841690020904780BD46
:103630005C0220208C00202080B582B01148FFF76A
:1036400055FD014601910B280BD0FFE701980C288E
:1036500010D1FFE74B4802684B48016802209047B1
:1036600009E048480268484801680120904700F096
:10367000A5FD00E0FFE7044801680248FFF70AFDE6
:1036800002B080BD008010403090104080B582B004
:103690001248FFF72BFD014601910B280BD0FFE7E5
:1036A00001980C2811D1FFE7364842683648416836
:1036B000022090470AE033484268334841680120BD
:1036C000904707480068804700E0FFE70548016829
:1036D0000248FFF7DFFC02B080BDC046000010408A
:1036E000D40020203010104080B582B01048FFF781
:1036F000FDFC014601910B280BD0FFE701980C2837
:103700000ED1FFE71F4882681F488168022090475A
:1037100007E01C4882681C4881680120904700E04F
:10372000FFE7044801680248FFF7B4FC02B080BD1F
:10373000002010403030104080B582B01048FFF7B4
:10374000D5FC014601910B280BD0FFE701980C280E
:103750000ED1FFE70B48C2680B48C16802209047B2
:1037600007E00848C2680848C1680120904700E0A7
:10377000FFE7064801680248FFF78CFC02B080BDF5
:1037800000005040AC002020880220203010504023
:1037900081B001466846017000214056002809D4D6
:1037A000FFE7684601781F20014001208840024958
:1037B0000860FFE701B0704700E100E081B00090D1
:1037C00001B0704710B58AB009AC207008A801702C
:1037D00007A90A7006A90B70007810280AD1FFE724
:1037E00008A8017806A8007801400120102902905D
:1037F00014D0FFE708A801780020002901900AD121
:10380000FFE708A8007806A9097808401038411E8B
:1038100088410190FFE701980290FFE7029801219B
:1038200008403A49E72200F075FC09A801784909E7
:1038300005AA117000781F21084004A9087007A884
:1038400000780390039832490843039006A8007853
:10385000401E009013284BD80098810001A04058CA
:103860008746C046B5380000BB380000BD380000B0
:10387000C9380000F1380000F1380000F1380000CC
:10388000F1380000F1380000F1380000F138000094
:10389000F1380000F1380000F1380000F138000084
:1038A000F1380000D5380000D7380000E3380000B8
:1038B000E5380000002003901AE019E00398012188
:1038C00009040843039013E00398012149040843C5
:1038D00003900DE00CE00398012149060843039092
:1038E00006E005E003980121490608430390FFE73D
:1038F000039805A90978490104AA12788A1805498C
:10390000895C8900044A88500AB010BD458B0000CC
:1039100080000400F48500000480424081B00090E3
:10392000009900200860009948600099886000991B
:10393000C8600099086101B0704780B582B00190FD
:103940000198006800900198FFF7E8FF009801993E
:10395000086002B080BD000080B582B00190009187
:10396000FFE70098164904F0F4F9002806D1FFE7B4
:103970000098164904F09CFA0090F2E7FFE70098DF
:10398000104904F0D0F9002806D1FFE700980E494D
:1039900004F08EFA0090F2E700980199096804F0AB
:1039A000B7F9002806D1FFE701990020C860019906
:1039B0008860FFE700980199086002B080BDC046AA
:1039C00000003443000034C30000B4430000B4C31B
:1039D00010B590B0159C149C139C129C0F900E91E6
:1039E0000D920C930F9800680E9904F07DFB0B90DC
:1039F0000B9804F01DF90F9948600F9A08925068CF
:103A00001599D268079204F017FB079904F050FA51
:103A10000899C8600F98C068149901F0FAF90F99D5
:103A2000C8600F994868896804F05EFB0990159892
:103A30001D4904F08EF9002803D1FFE71598069080
:103A400002E01A480690FFE709980699FDF768FB1F
:103A50000A900F99486888600D9802900F99059117
:103A6000486801900C98C96804F0E6FA019902468A
:103A70000298039204F0E0FA039904F019FA049012
:103A800012980A9904F0D8FA049904F011FA0599E9
:103A900008610F980069139901F0BBF90F9908614B
:103AA0000F98006910B010BD6F12833A0AD7233CFB
:103AB00081B000900099087800024978401800B25F
:103AC00001B0704780B582B0FFE70320694603F07C
:103AD00097FF002800D1ECE068460078312807D134
:103AE000FFE778490020087001A901200870E4E090
:103AF00068460078302807D1FFE772490020087037
:103B000001A9FF200870D8E068460078682805D031
:103B1000FFE768460078482807D1FFE76949002099
:103B2000087001A904200870C7E068460078722870
:103B300005D0FFE768460078522807D1FFE76149C2
:103B40000020087001A902200870B6E068460078DD
:103B5000642805D0FFE768460078442807D1FFE7CE
:103B600058490020087001A903200870A5E06846A4
:103B700000780D2805D0FFE7684600780A283BD179
:103B8000FFE750480078002801D1FFE79DE74D4A44
:103B900013784D480021C15411704C49FCF742FC88
:103BA000002804D1FFE701A90120087085E04648FC
:103BB0004749FCF737FC002804D1FFE701A9FF20A3
:103BC00008707AE040484349FCF72CFC002804D1F7
:103BD000FFE701A9022008706FE03B483E49FCF76F
:103BE00021FC002804D1FFE701A90320087064E04C
:103BF0003A4800F07EF85BE0324800780E2852D850
:103C0000FFE76846007861280ADBFFE7684600782E
:103C10007A2805DCFFE70098203869460870FFE73E
:103C2000009A28490B782848C2540A78521C0A7016
:103C30000A78002181542549FCF7F4FB002807D1BC
:103C4000FFE720490020087001A90120087034E036
:103C50001D481F49FCF7E6FB002807D1FFE719497B
:103C60000020087001A9FF20087026E016481949B5
:103C7000FCF7D8FB002807D1FFE7124900200870A5
:103C800001A90220087018E00F481349FCF7CAFB8D
:103C9000002807D1FFE70B490020087001A9032085
:103CA00008700AE003E0074900200870FFE7FFE71B
:103CB0000BE701A900200870FFE7002101A840568A
:103CC00002B080BD50012020400120207E8A0000EB
:103CD000488A00006E8A0000848A00005088000034
:103CE00080B582B001900199012003F0B5FE02B0C9
:103CF00080BD80B582B001900199012003F0ACFE37
:103D00000199032003F0A8FE02B080BD80B584B005
:103D100003A90870212000F035F90020019000F07F
:103D200031F97F2000F02EF9222000F02BF90198C4
:103D300000F028F9072000F025F99A48009003F0D8
:103D400097F80098017A4906090E02F0FFFF0098E3
:103D5000402102F0FBFF019802A90880FFE702A8BA
:103D600000880A4988420BDCFFE703A801788D48E8
:103D700002F0ECFFFFE70298401C02A90880EEE782
:103D8000884803F0E1F804B080BDC046FF0300009E
:103D900080B584B01C20009082483C210A221F2359
:103DA00002F012FE642003F051FBAE2000F0EAF8AE
:103DB000D52000F0E7F8802000F0E4F8A82000F01B
:103DC000E1F83F2000F0DEF8D32000F0DBF800201F
:103DD000029000F0D7F84020039000F0D3F88D2037
:103DE00000F0D0F8142000F0CDF8202000F0CAF840
:103DF000029800F0C7F8A12000F0C4F8C82000F035
:103E0000C1F8DA2000F0BEF8122000F0BBF88120E3
:103E100000F0B8F87F2000F0B5F8D92000F0B2F833
:103E2000F12000F0AFF8DB2000F0ACF8039800F0D0
:103E3000A9F8A42000F0A6F8A62000F0A3F8AF206F
:103E400000F0A0F8AA20FFF761FF04B080BDC046D3
:103E500080B58CB00BAA059210700A9109A90020B8
:103E60000490087008A9087007A90870212000F0C4
:103E700089F8049800F086F87F2000F083F822206B
:103E800000F080F80598007800F07CF8059800783C
:103E900000F078F84348069002F0EAFF0698017AAD
:103EA0004906090E02F052FF0698402102F04EFF2B
:103EB000FFE70A9900200956002903900DD0FFE77B
:103EC00009A801780120002201927A29029001DBE1
:103ED0000198029002980390FFE70398C00700281A
:103EE00039D0FFE70A9800214056202806DBFFE77B
:103EF0000A98002140567F2804DBFFE708A900202C
:103F0000087005E00A980078203808A90870FFE7D3
:103F100007A900200870FFE707A80078052816DC2D
:103F2000FFE708A80078062141431548401807A973
:103F30000978415C1B4802F009FF0998401C09A957
:103F40000870FFE70798401C07A90870E4E70A9883
:103F5000401C0A90ADE7FFE709A800787F2809DC3C
:103F6000FFE71048002102F0F1FE0998401C09A962
:103F70000870F1E70B4802F0E7FF0CB080BDC046C7
:103F80009483000080B582B001A9087069460020C2
:103F90000870019848700348022203F0C3F802B089
:103FA00080BDC0464C02202080B582B0019000F058
:103FB0000BF8FFF7D7FA00F02BFF03F045FA00F0FB
:103FC00081FE02B080BD000080B592B040480090F4
:103FD000FEF718FE3F480190FEF714FE0098FEF72A
:103FE000D9FD0198FEF7D6FD3B480290FFF74AF84D
:103FF0003A480390FFF746F80298FFF739F803981C
:10400000FFF736F836480490FFF73CF8354805903E
:10401000FFF738F834480690FFF734F83348079034
:10402000FFF730F832480890FFF72CF80498FFF7B4
:104030001FF80598FFF71CF80698FFF719F807987E
:10404000FFF716F80898FFF713F82A480990FFF7CA
:1040500099F829480A90FFF795F828480B90FFF740
:1040600091F827480C90FFF78DF80998FFF734F87E
:104070000A98FFF731F80B98FFF72EF80C98FFF726
:104080002BF820480D90FEF7D9FD1F480E90FEF743
:10409000D5FD0D98FEF7C6FD0E98FEF7C3FD012075
:1040A00080070F90FEF700FD18481090FEF7FCFC0B
:1040B0000F98FEF7EFFC1098FEF7ECFC14481190F7
:1040C000FFF7ECF81198FFF7D3F812B080BDC046A7
:1040D00000000A4000200A40000086400020864080
:1040E000004008400080864000A086400000094053
:1040F0000000874000801040000010400020104069
:10410000000050400080464000A046400020004093
:104110000000034080B584B003AB18700291019297
:10412000FFE703A80078002805D1FFE710480078D2
:10413000002801D1FFE718E00E480078002802D0DF
:10414000FFE7FFE7FEE70B490878401C087000F026
:104150004FFE00F0EBF9FFE70299019A06480023B1
:1041600000F03EF800F00AF8F6E704B080BDC04663
:10417000D800202051012020F78A000082B00020C2
:10418000019000900190FFE70198FF2813D8FFE706
:1041900000200090FFE70098000C002806D1FFE700
:1041A00000BFFFE70098401C0090F4E7FFE701988C
:1041B000401C0190E8E702B07047000080B582B073
:1041C00005490191002003F01BFC019903480122DD
:1041D00000F0A6FA02B080BD68012020690120200D
:1041E00070B5FFB0A5B0A390A291A192A0939EA993
:1041F000002008809DA908809CA9099108809BA99E
:1042000008809AA90880A298FCF788F80999088084
:10421000BF480088002804D0FFE7BD4800698047F8
:10422000FFE7BC480078002800D16DE1B84800885D
:10423000002800D145E1B6480890C3689AAA1188C1
:10424000481C1080A39A00209847A2989F90A2989B
:10425000FCF764F808999CAA108048888979FCF7D3
:1042600025F99BA90880FFE79F98411C9F91002199
:104270004056002801D0FFE7F6E79DA900200880FE
:10428000FFE79DA801880020012907900DDCFFE7CA
:10429000002105919CA8415E01200029069001DAC9
:1042A0000598069006980790FFE70798C007002832
:1042B0001AD0FFE79F98401E9F909F98002140567C
:1042C0002F2806D0FFE79F98002140565C2805D193
:1042D000FFE79D98401C9DA90880FFE7FFE79C9899
:1042E000401E9CA90880CCE700219CA8405E0028C5
:1042F00009D4FFE79F98401C9F909F9A88495AA82D
:10430000FBF7F6FF11E09DA80088002806D1FFE723
:104310009F9A84495AA8FBF7EBFF05E09F9A8049D2
:104320005AA8FBF7E5FFFFE7FFE79EA900200880FA
:10433000FFE79EA8008804905AA8FBF7EFFF002231
:104340009BA9895EFCF7B2F801460498491C884293
:1043500045D2FFE79DA900200880FFE79DA80088BF
:1043600000229BA9895E884224DAFFE75AA8FBF75E
:10437000D5FF9DA909889EAA138800249BAA125FD5
:104380005A438918884201D2FFE713E09DA90888A3
:104390009EAA138800249BAA125F5A4382185AA827
:1043A000805C0A884AA98854FFE79D98401C9DA913
:1043B0000880D3E79DA801884AAA00205054544998
:1043C000CB68CC799A994D1C9AAE3580614389B2FD
:1043D0009847FFE79E98401C9EA90880A9E7A19AEC
:1043E00051495AA80390FBF783FF039A4848C368D2
:1043F000C1799A98441C9AAD2C80484381B2002020
:104400009847A09800285BD0FFE79EA9002008806D
:10441000FFE79EA800880290A098FBF77FFF00228C
:104420009BA9895EFCF742F801460298491C884224
:1044300045D2FFE79DA900200880FFE79DA80088DE
:1044400000229BA9895E884224DAFFE7A098FBF747
:1044500065FF9DA909889EAA138800249BAA125F64
:104460005A438918884201D2FFE713E0A0989DA91A
:104470000A889EAB1C8800259BAB5B5F6343D21808
:10448000805C0A884AA98854FFE79D98401C9DA932
:104490000880D3E79DA801884AAA002050541C49EF
:1044A000CB68CC799A994D1C9AAE3580614389B21C
:1044B0009847FFE79E98401C9EA90880A9E7FFE760
:1044C00021E0012001020AA8FBF7A7FF104881683C
:1044D000A3988847A098002809D0FFE7A29AA19B3B
:1044E000A09800900D490AA8FBF702FF06E0A29AE7
:1044F000A19B09490AA8FBF7FBFEFFE70448816876
:104500000AA88847FFE7FFE77FB025B070BDC04627
:1045100054012020BC022020B48A0000C98A000077
:10452000048B00000D8B0000E28A0000704782B00F
:104530000190009102B07047F0B589B0044608A818
:10454000047007AC2170069205930178490904AA0A
:10455000117001781F22114003AA019211700021ED
:10456000029100780122042300F0C8FA019905980D
:1045700009788A00394988500698002803D1FFE756
:104580003748009002E006980090FFE7009903A8E2
:1045900002789300334AD15000780F2820DCFFE7DF
:1045A00004AB1878800030490858304A805802908F
:1045B00003A804782407E40E0325A540029CAC431D
:1045C000029407AC247800780007C00E844002985B
:1045D0002043029002981B789B00C958885020E025
:1045E00004AB18788000204908589D225201805859
:1045F000029003A804782407E40E0325A540029C3A
:10460000AC43029407AC247800780007C00E8440C5
:1046100002982043029002981B789B00C95888504A
:10462000FFE703AB1978012007468F4004AA1178F1
:104630008C000D490D590E4EAC593C43AC511B78C2
:1046400004469C40127892008A580A4BD158214364
:10465000D15000F0C1FB09B0F0BDC0468001202060
:104660002F45000000002020800020209013000033
:10467000481000002810000010B585B00490039188
:10468000039A049902918B79C8790002C318087AB9
:104690000404487A00060019C0188018020E4A72F5
:1046A000020C0A728871000AC871FFE7049901912F
:1046B0008A7CC87C00028218087D0304487D0006BD
:1046C000C01880188B79CA791202D2180B7A1B0491
:1046D000497A0906C918891888421FD8FFE7049942
:1046E00000918A7CC87C00028218087D0304487D02
:1046F0000006C01882188B79C8790002C318087A9E
:104700000404487A00060019C018801A020E4A7282
:10471000020C0A728871000AC871C7E705B010BDA3
:1047200010B592B0119010910F921198411E8841CE
:10473000E449B022FFF7EEFC0EA9002008700D90AE
:10474000FFE71098002804D1FFE70EA903200870A6
:10475000B3E1119800780521084204D0FFE70EA9C3
:1047600004200870A9E11199087804221043087008
:104770000F9811998B7BCA7B1202D2180B7C1B04F9
:10478000497C0906C9188918884200D98BE111991A
:104790000C918A7CC87C00028218087D0304487D45
:1047A0000006C01880188B79CA791202D2180B7AC9
:1047B0001B04497A0906C9188918401A0D900F98E8
:1047C0000D99884200D8E5E0119840780B900028B8
:1047D00009D0FFE70B98012849D0FFE70B98022882
:1047E00000D18DE0D5E0119909918A78C87800024E
:1047F00082180879030448790006C01880188B795C
:10480000CA791202D2180B7A1B04497A0906C91810
:104810008918401810990D9AFBF7A2FD11980D996F
:10482000FFF72AFF11990A918A78C8780002821846
:104830000879030448790006C01880188B79CA7972
:104840001202D2180B7A1B04497A0906C918891872
:10485000401810990D9BC9180F9AD21AFBF780FDCA
:1048600011980F990D9A891AFFF706FF91E0119997
:1048700007918A78C8780002821808790304487979
:104880000006C01880188B79CA791202D2180B7AE8
:104890001B04497A0906C91889184900401810995B
:1048A0000D9A5200FBF75CFD11980D99FFF7E4FE9D
:1048B000119908918A78C87800028218087903044F
:1048C00048790006C01880188B79CA791202D2186C
:1048D0000B7A1B04497A0906C9188918490040183F
:1048E00010990D9B5A0089180F9AD21A5200FBF7A3
:1048F00037FD11980F990D9A891AFFF7BDFE48E010
:10490000119905918A78C878000282180879030401
:1049100048790006C01880188B79CA791202D2181B
:104920000B7A1B04497A0906C918891889004018AE
:1049300010990D9A9200FBF713FD11980D99FFF74E
:104940009BFE119906918A78C8780002821808792E
:10495000030448790006C01880188B79CA791202BE
:10496000D2180B7A1B04497A0906C91889188900DC
:10497000401810990D9B9A0089180F9AD21A92002C
:10498000FBF782FC11980F990D9A891AFFF774FEB4
:10499000FFE772E0119840780490002808D0FFE704
:1049A0000498012824D0FFE70498022842D063E04D
:1049B000119903918A78C878000282180879030453
:1049C00048790006C01880188B79CA791202D2186B
:1049D0000B7A1B04497A0906C918891840181099DE
:1049E0000F9AFBF7BDFC11980F99FFF745FE43E0C6
:1049F000119902918A78C878000282180879030414
:104A000048790006C01880188B79CA791202D2182A
:104A10000B7A1B04497A0906C918891849004018FD
:104A200010990F9A5200FBF79BFC11980F99FFF712
:104A300023FE21E0119901918A78C878000282183A
:104A40000879030448790006C01880188B79CA7960
:104A50001202D2180B7A1B04497A0906C918891860
:104A60008900401810990F9A9200FBF779FC119871
:104A70000F99FFF701FEFFE7FFE70F9A11990091E9
:104A80008B7BC87B0002C318087C0404487C0006AA
:104A90000019C018801A020E4A74020C0A74887336
:104AA000000AC87303E00EA905200870FFE71199FA
:104AB0000878FB2210400870FFE70EA8007812B0BB
:104AC00010BDC0461A8B000083B002A90870087898
:104AD000420901A802700A781F210A4069460A703B
:104AE00000788200BA4880582722D201805809787D
:104AF000C8400121084003B07047C04610B58AB0D5
:104B000009AC207008A8017007A90A7006A90B70EB
:104B1000007810280AD1FFE708A8017806A80078D5
:104B2000014001201029029014D0FFE708A8017865
:104B30000020002901900AD1FFE708A8007806A903
:104B4000097808401038411E88410190FFE701981C
:104B50000290FFE70298012108405249B522FFF771
:104B6000D9FA09A80178490905AA117000781F210E
:104B7000084004A908700020039003984A4908439C
:104B8000039006A80078401E009013284FD8009884
:104B9000810001A040588746E94B0000EF4B000020
:104BA000F94B0000034C00002F4C00002F4C00007C
:104BB0002F4C00002F4C00002F4C00002F4C000009
:104BC0002F4C00002F4C00002F4C00002F4C0000F9
:104BD0002F4C00002F4C00000D4C0000174C000023
:104BE000214C0000234C0000002003901FE003989C
:104BF0000121084303901AE003982E4908430390CB
:104C000015E003982A490843039010E00398012116
:104C1000084303900BE0039824490843039006E0FF
:104C200005E003980121490608430390FFE7039834
:104C300005A90978490104AA12788A181E49895CD5
:104C400089001E4A885008A80078102812D1FFE772
:104C500004A801780120884005A909788A005C49E8
:104C60008958174A885009A8007807A9097800F0E0
:104C700043F8FFE706A80078032806D1FFE709A854
:104C80000078002100F038F8FFE706A80078042833
:104C900006D1FFE709A80078012100F02DF8FFE711
:104CA0000AB010BD458B0000800004000100000226
:104CB0000100020001000100F48500000480424070
:104CC000D012000080B584B0102101910022029220
:104CD000112303931046FFF711FF0199029A039BDA
:104CE0000120FFF70BFF0199029A039B0E20FFF7AB
:104CF00005FF04B080BD000084B00A4603A9087017
:104D000002A802700A78520901AB1A7009781F22B2
:104D100011406A461170007800280ED0FFE76846FF
:104D200000780123834001A8007881002848415879
:104D3000284A8858184388500EE0684600780123B6
:104D4000834001A800788100214841589520420104
:104D5000885818438850FFE704B0704710B583B0F7
:104D600002A908700878420901A802700B781F2276
:104D700013406C462370007883001548C0582523E3
:104D8000DB01C05809781140C840C00700280FD087
:104D9000FFE7684600780123834001A8007881007E
:104DA0000B484158952042018858184388500DE01F
:104DB000684600780123834001A8007881000448F8
:104DC0004158044A885818438850FFE703B010BD83
:104DD000800020209012000080B582B0014601A81A
:104DE000017000214056FEF7D3FC02B080BD0000E8
:104DF00006480068002802D1FFE772B6FFE70348C3
:104E00000168491C016000687047C04610022020FC
:104E1000704780B584B0029001910298019902F028
:104E200098FF002803D1FFE70198039012E0029851
:104E300001990122D207514002F075FF002806D1E6
:104E4000FFE701980121C9074840039002E002985A
:104E50000390FFE7039804B080BD80B584B0029052
:104E600001910298019902F074FF002803D1FFE735
:104E70000198039012E0029801990122D207514053
:104E800002F051FF002806D1FFE701980121C90770
:104E90004840039002E002980390FFE7039804B0B3
:104EA00080BD82B0014601A801800021405E00283B
:104EB00005D5FFE70198404200B2009004E00021D0
:104EC00001A8405E0090FFE7009800B202B0704772
:104ED00081B00090009900200880009948800099D6
:104EE000087100994871009988710099C8710099FA
:104EF0000872009AF149D1600099086101B07047C9
:104F000080B584B0029001910298019902F021FFCE
:104F1000002803D1FFE70198039012E0029801995D
:104F20000122D207514002F0FEFE002806D1FFE721
:104F300001980121C9074840039002E002980390BC
:104F4000FFE7039804B080BD83B0034602A8037056
:104F5000019100920078012807D1FFE701990748E5
:104F600008600099DA48086006E00199D8480860AE
:104F7000009902480860FFE703B07047000040C195
:104F800080B594B01390129111921093129880787A
:104F9000002834D1FFE71398C079FE2805DCFFE72D
:104FA0001399C879401CC871FFE71398C079142879
:104FB00018DCFFE713990320087213980221405E62
:104FC000002807D5FFE71199B94808601099B7483C
:104FD000086006E01199B54808601099B448086067
:104FE000FFE708E013990420087211990020086077
:104FF00010990860FFE713990020086153E11399A5
:105000000020C87112998988139A518012990978E1
:1050100089070029099008D0FFE712980078C0217D
:105020000840414248410990FFE7099801210840A2
:105030000DA908701298017800200906890F00292F
:10504000089008D0FFE712980078032108404142F9
:1050500048410890FFE70898012108400CA9087012
:105060000DA8007800280ED0FFE713980079FE28DD
:1050700005DCFFE713990879401C0871FFE71399D5
:105080000020487119E00CA8007800280ED0FFE736
:1050900013984079FE2805DCFFE713994879401CF6
:1050A0004871FFE713990020087105E0139900206B
:1050B000087113994871FFE7FFE7139800790228F8
:1050C00007DBFFE71399012008721399002088710C
:1050D0000CE013984079022807DBFFE713990220C0
:1050E0000872139900208871FFE7FFE71398007A90
:1050F000012805D0FFE71398007A022832D1FFE794
:1051000012980078C006800F002814D0FFE713998A
:105110008879401C88711398807903280ADBFFE79F
:105120001399002008721399887112988088139936
:105130000880FFE703E0139900208871FFE71398C8
:10514000007A00280DD0FFE71398007A1199109A81
:10515000FFF7FAFE13995E48C86013995D4808612D
:10516000A1E003E0139900200872FFE712988088FD
:1051700013990988401A0FA90591088012980421F3
:10518000405EFFF78EFE01460598079100210691CB
:10519000405EFFF786FEFCF7D5F8464902F04CFF6B
:1051A000FCF76EF806990246079882180EA802804E
:1051B000405EFCF7C7F8404902F03EFF3F4902F06D
:1051C00077FE0B900B983E4902F0ADFD002803D10D
:1051D000FFE73B480B90FFE70B981399C96802F073
:1051E000A2FD002804D1FFE70B981399C86015E0D1
:1051F00013980490C0687F21C90502F059FE0499F4
:10520000C8601398C0680B9902F0A3FD002804D170
:10521000FFE70B981399C860FFE7FFE71298042196
:10522000405EFCF78FF80190002103910FA8405ECB
:10523000FCF788F8234902F0FFFE0146019802912D
:10524000214902F0F9FE029902F032FE0A900A9812
:105250001E49FFF755FE03990A900A9802F086FD51
:1052600000280CD1FFE71398C068119908601398C3
:10527000C0680A9902F038FF109908600BE0139893
:10528000C0680A9902F014FE119908601398C0686A
:1052900010990860FFE712988088139908800A988F
:1052A00013990861FFE714B080BDC0460000B0410B
:1052B000000020C1CDCCCC3DCDCCCCBD00008C427B
:1052C0000000F041CDCC4C3EB81E053E00005C42D3
:1052D0000000E0410000204280B584B03920102158
:1052E00001910022039211230293FFF707FC019919
:1052F000029B039A3220FFF701FC0199029B039A5B
:105300003520FFF7FBFB039A362003231146FFF7F6
:10531000F5FB04B080BD000080B586B0059002A901
:1053200000200880059908700599487004A9087044
:10533000FFE704A8007807282EDCFFE704A8007820
:1053400000F048F8052002F0A5F83620FFF7BCFB76
:10535000411E4842414103A801700078002815D041
:10536000FFE704A8017801238B40059A11781943BF
:105370001170059A5178491C517000784100144809
:10538000415A0298401802A90880FFE7FFE70498F5
:10539000401C04A90870CCE705994878421E90414A
:1053A00088700598807800280BD0FFE7002102A8BC
:1053B000405E059901914978FBF782F80199888050
:1053C00003E0059900208880FFE706B080BDC04655
:1053D0003086000080B582B0014601A801700178D6
:1053E000012001403920FFF787FC01988007C10F99
:1053F0003220FFF781FC01984007C10F3520FFF7ED
:105400007BFC02B080BD0000F0B5FFB0D4B000203E
:105410005790D290D1A90870D0A90870CFA9087070
:10542000CEA90870CDA90880CCA90880CB90CA90DD
:10543000C990C890C790C690C5A90880C4A9088023
:10544000C390C290A490A390A290A190A0907F211D
:10545000C9059F919E909D909C909BA908709AA9C8
:10546000087099A90870FE48FEF79EFDE1204102F0
:1054700001205590FB4AFC4B02F032FA4B20C1014F
:105480000320FA4AFA4B02F02BFA579A30201021E7
:10549000549111235693FFF731FB5499559A569B1B
:1054A0000720FFF72BFB02F065F802F061FBBCA8B8
:1054B00001F096FEB6A801F093FEFFF70DFFAFA82E
:1054C000FFF706FDAAA8FEF729FAA5A801F05EF8E5
:1054D000FEF75EFC5798FEF719FC5798E549FEF772
:1054E000B7FCE5490420FEF7B3FCE448FEF701FCF5
:1054F00000F08EFD642001F0A9FF7D20800000F007
:10550000E7FB00F011FE002804D0FFE7DC48FEF7BF
:10551000F0FB0BE0DB48FEF7ECFBDB490220FEF77B
:1055200097FCDA490420FEF793FCFFE7A1A8A0A9A5
:105530009FAA00F037FDA198FBF7C8FD4D904E9152
:10554000A098FBF7C3FD4F9050919F98FBF7BEFDCD
:105550004D9A4E9B04464F980D46509903950294E0
:1055600001910090CA4959A85190FAF7C1FE51988B
:10557000FEF7BFFB0720529000215391FFF7BCFBC1
:10558000C82001F063FF52980121FFF7B5FB539843
:10559000A3909BA90870A399AAA8FEF7DDF95398D8
:1055A000FEF7B4FB00F0C0FD002817D0FFE7B949B3
:1055B0000020FEF74DFCB8490220FEF749FCB74930
:1055C0000420FEF745FCB6490620FEF741FCB5482D
:1055D000FEF78FFBB448FEF78CFB13E0B3490020C5
:1055E000FEF736FCB2490220FEF732FCB149042036
:1055F000FEF72EFCB0490620FEF72AFCAF48FEF766
:1056000078FBFFE7AE48FEF774FBAE48FEF771FB90
:10561000AD48FEF76EFB002002F09EFAC990012013
:1056200002F09AFAC890FFE70A2001F00FFFCD9828
:10563000401CCDA90880FEF745FA0146CEA80170AE
:105640000021405600281ED5FFE7CFA900204C902E
:105650000870CCA90880C390C290A2909BA9087042
:105660009AA90870AAA8FEF768F94C99BCA801F09D
:10567000F8FD4C99B6A801F0F4FD01F0F5FF934850
:10568000FEF737FBA3E00021CEA8405601282DD11C
:10569000FFE7CFA901204B900870CCA900204A90C9
:1056A0000880C390C290A2909BA908709AA9087024
:1056B00000F046FCA390A399AAA8FEF74DF94A99D9
:1056C000BCA801F0CEFD4A99B6A801F0CAFD4A98DF
:1056D00002F042FA01464B98C99102F03DFAC89097
:1056E00001F0C2FF7A48FEF704FB6FE00021CEA86C
:1056F0004056022812D1FFE70020489000F03EFDFE
:105700004898A390AAA84990FEF717F94998A39939
:10571000FEF722F96F48FEF7ECFA56E00021CEA81A
:105720004056032822D1FFE7A5A800F029FFFBF788
:10573000CDFC43904491A698FBF7C8FC4590469158
:10574000A798FBF7C3FC439A449B044645980D4633
:10575000469903950294019100905F4959A847909A
:10576000FAF7C6FD4798FEF7C4FA2DE00021CEA84F
:105770004056042827D1FFE700F0D6FC002809D1C5
:10578000FFE79AA90020087001F06EFF5348FEF76A
:10579000B0FA49E7CFA900200870CCA908809BA9DE
:1057A00008709AA90120087000F0CAFBA390AAA86B
:1057B0004290FEF7C2F84298A399FEF7CDF8484808
:1057C000FEF797FAFFE7FFE7FFE7FFE7FFE7B4A879
:1057D0004190FFF7A1FD00F009FD00F0B1FB01468B
:1057E0004198A4918078002815D0FFE799A8007807
:1057F000002810D1FFE79BA8007800280AD0FFE717
:105800009BA900200870A498A390A399AAA8FEF7CA
:10581000A3F8FFE714E0B4A8807800280FD1FFE7D1
:1058200099A8007800280AD0FFE79BA901200870FA
:10583000A498A390A399AAA8FEF78EF8FFE7FFE724
:10584000B4A8807899A90870CFA8007800284ED015
:10585000FFE7CCA80088FF212C31884247DC41E0DB
:1058600000B4C404262001002720010022200300E8
:1058700023200300898A0000EE890000838600004F
:1058800059870000D58600000A8A00002A8A000095
:105890008C890000378A0000A58A0000D6890000A4
:1058A000748A000076870000508600004D8A000050
:1058B000198A0000FC8900005E8A00000A87000047
:1058C0007D88000096860000DF8700003D8700008D
:1058D00015880000C186000063890000348800003C
:1058E000A8870000CC98401CCCA90880FFE79AA8A4
:1058F0000078002834D0FFE7A399AAA84090FEF7CB
:105900002BF84098A499E74A03924122120602928A
:10591000E54A0192E24A0092E44A0023FEF758F871
:10592000A290AB9858905898E14902F012FA0028DA
:105930000ED1FFE75898FF21890502F0F4F90028FD
:1059400006D1FFE70020A290AAA8FDF7F6FFFFE727
:10595000A2980121C9074840C390A298C29068E06C
:10596000CFA80078002807D0FFE7CCA80088FF2147
:105970002C31884205DCFFE70020C390C290A29042
:1059800056E0AFA8B4A9C3AAC2ABFFF7F9FA9BA827
:10599000007800281ED0FFE7A399AAA83E90FDF743
:1059A000DBFF3E98A499B84A0392BA4A0292BA4AD7
:1059B0000192BA4A009201223F929207B84BFEF739
:1059C00007F83F99A290A298C9074840C390A298AF
:1059D000C2902CE0A399AAA83A90FDF7BDFF3A988F
:1059E000A499A94B0393412212060292A74A01925D
:1059F000A74A00923F221206FDF7EAFFA290A29862
:105A0000C3993B917D21C9053C9102F015FB0146EC
:105A10003B9802F069FB3C99C390A298C29A3D92D0
:105A200002F00AFB3D9902F043FAC290FFE7FFE75C
:105A3000FFE7C399BCA801F014FCC299B6A801F015
:105A400010FCCDA80078C007002842D1FFE7002055
:105A5000379002F081F8CB900120399002F07CF869
:105A6000CA90CB99C998401AC790CA98C899401A49
:105A7000C690CB98C990CA98C890C799C69AA5A84D
:105A800000F094FD3798C79900907F20C3053693A6
:105A9000BCA8884A359201F039FC359A369B0146FC
:105AA0003798C5AC38942180C6990090B6A801F00B
:105AB0002DFC01463798C4AA1180C499494209B205
:105AC00001F0AEFD379A38993998895E01F0A8FD4A
:105AD000FFE7D198411CD1A80170007832283ADB49
:105AE000FFE7D1A9002008703020FFF737F9A4980C
:105AF000FBF7ECFA02460B466F4959A83490FAF7C7
:105B0000F7FB34990220FEF7A3F99AA80078002841
:105B100005D0FFE76C490420FEF79AF91AE09BA82C
:105B20000078002805D0FFE766490420FEF790F9C9
:105B30000FE0CFA80078002805D0FFE760490420D7
:105B4000FEF786F904E05D490420FEF781F9FFE7DE
:105B5000FFE7FFE7FFE7D098411CD0A8017000786D
:105B6000642800DA8FE0D0A9002008709EA89DA9C3
:105B70009CAA00F0EFF9A498FBF7A8FA1D901E91DB
:105B800000F042FAFBF7A2FA3290309100F032FABC
:105B9000FBF79CFA04460D4600F0D6F9FBF796FA9F
:105BA00006460F4600F02AFA31909E98FBF78EFACF
:105BB0002F902E919D98FBF789FA2D902C919C980F
:105BC000FBF784FA2B90259100F0C4FA2A90CFA815
:105BD000007829909AA800782890AFA8007A27909A
:105BE000B4A800782690AB98FBF770FA2490239124
:105BF000A298FBF76BFA22901F91C398FBF740FB2A
:105C00002190C298FBF73CFB2090A5A800F0B8FCBF
:105C1000FBF75CFA1D9A1E9B1B911F991A90209806
:105C200019902198189022981791239916902498EA
:105C300015912599149026981290279811902898DC
:105C4000109029980F902A980E902B980D912C99CE
:105C50000C902D980B912E990A902F9809913099BC
:105C6000089031980690329805970496039502940F
:105C700001910090154959A83390FAF739FB3398F0
:105C8000FEF72EF8FFE7CFE40AD7233C000070416F
:105C9000CDCCCC3D0000F04100005C429A99993E89
:105CA000CDCC4C3DA913503C00009041CDCC4C3F95
:105CB0000000C0BF00002041998A0000AF890000A9
:105CC000C9890000BC890000E2890000BA88000090
:105CD00080B5A0B01FA9088000201E901D901C90C8
:105CE0001B901A90199094480078002801D1FFE782
:105CF00020E11FA80088002805D1FFE77D20800053
:105D00001FA90880FFE714A900200880FFE714A856
:105D100000881FA9098888423EDAFFE73B2015A9C1
:105D20000D910E2200F00CFC0D98FDF7C1FE02460D
:105D30000D981E9989181E91801CFDF7B9FE024628
:105D40000D981D9989181D91001DFDF7B1FE0246A1
:105D50000D981C9989181C910830FDF7A9FE024680
:105D60000D981B9989181B910A30FDF7A1FE024678
:105D70000D981A9989181A910C30FDF799FE014671
:105D8000199840181990042001F060FBFFE714985F
:105D9000401C14A90880BAE71E98FBF7D3FA0690B6
:105DA0001FA808900088FBF7D5FA01460698FBF774
:105DB000B7F913901D98FBF7C5FA014608980791AB
:105DC0000088FBF7C7FA01460798FBF7A9F912907C
:105DD0001C98FBF7B7FA0146089809910088FBF771
:105DE000B9FA01460998FBF79BF9119013980A90AC
:105DF0001299084602F020F90A990B90084602F021
:105E00001BF90B9902F054F80C901199084602F016
:105E100013F90C9902F04CF810908D20C0050F90EA
:105E200010987F21C90501F094FF002830D1FFE7C9
:105E30000EA900200870FFE70EA80078052814DCE2
:105E4000FFE70F9905911098FBF76AF9014605984D
:105E500002F02EF83F21090602F0EEF80F90FFE75E
:105E60000E98401C0EA90870E6E713980F99FBF7EF
:105E700057F95D49086012980F99FBF751F95B4992
:105E8000086011980F99FBF74BF95949086009E030
:105E90005549002008605549086055497F20C005D4
:105EA0000860FFE71B98FBF74DFA00901FA80290CF
:105EB0000088FBF74FFA01460098FBF731F91F49BC
:105EC0000491FBF72DF9934908601A98FBF73AFA09
:105ED0000146029801910088FBF73CFA01460198BF
:105EE000FBF71EF90499FBF71BF98B490860199819
:105EF000FBF728FA0146029803910088FBF72AFA7B
:105F000001460398FBF70CF90499FBF709F983495B
:105F10000860B3490020086081490860B249086000
:105F20008049012008708A49087000F003FB784915
:105F30000860FFE720B080BD150220203333834185
:105F4000A74800687047C046014800687047C046CF
:105F50002002202083B00290019100920298002834
:105F600005D0FFE70C48006802990860FFE7019838
:105F7000002805D0FFE70948006801990860FFE79D
:105F80000098002805D0FFE70548006800990860E0
:105F9000FFE703B07047C0462402202028022020DB
:105FA0002C02202083B002900191009202980028D8
:105FB00005D0FFE70C48006802990860FFE70198E8
:105FC000002805D0FFE70948006801990860FFE74D
:105FD0000098002805D0FFE7054800680099086090
:105FE000FFE703B07047C04634022020380220206B
:105FF000880020204A4800687047C0460148006871
:106000007047C04630022020764800687047C0467E
:1060100080B588B007A900200590087000903B4823
:1060200068210A22012300F0CFFC642001F00EFA5F
:10603000059806A90870FFE706A80078132818DC61
:10604000FFE7752007A90491012200F079FA04986E
:106050000078702801D1FFE70BE02C4800F074FFB6
:10606000142001F0F3F9FFE70698401C06A9087018
:10607000E2E707A80078702808D0FFE7DC49002095
:10608000087033490870E74908603CE06B20012143
:10609000039100F065FA322001F0D8F919200721A8
:1060A00000F05EFA1A20032100F05AFA1B20182192
:1060B00000F056FA1C200021029100F051FA0399D9
:1060C0000620019001F02CFB019801F0DFFB00F0AD
:1060D00031FA029902460398DC4B1A60C44A1070E8
:1060E0001B4A1170C54A1160C64A1160C74A116047
:1060F000D04A1160D04A1160CA4A1160CA4A116080
:10610000BC490870FFE708B080BDC0463C022020B3
:106110001C02202004022020080220200C02202043
:1061200000022020A800202081B0B1480178002082
:106130000029009006D0FFE705480078411E8841FD
:106140000090FFE700980121084001B07047C04669
:106150001402202080B582B001A9FF200870A44855
:106160000078002806D0FFE7752001A9012200F081
:10617000E7F9FFE701A8007802B080BD80B584B0E0
:1061800003900398AB4908600398AB490860A6499F
:1061900000200860FFE7A7480068A84901F0D9FD82
:1061A000002809D1FFE7A34802900068A64901F042
:1061B0007FFE02990860EEE7FFE79E480068A0496D
:1061C00001F0B1FD002809D1FFE79A48019000686D
:1061D0009C4901F06DFE01990860EEE704B080BDB6
:1061E000B4022020B80220201802202080B596B0EA
:1061F0007F480078002801D1FFE7F7E000F09AF926
:1062000010907C480078002807D0FFE779490020EB
:1062100008701098BA490860E8E0109800F018F982
:1062200011901198002101F089FD002801D1FFE7AC
:10623000DCE0432014A90791062200F081F90798B9
:10624000FDF736FCFBF77EF86B490891FAF768FF1B
:106250006A49096801F048FF01460798684A0992AF
:106260001160801CFDF724FCFBF76CF80899FAF725
:1062700057FF6449096801F037FF01460798624AF1
:106280000A921160001DFDF713FCFBF75BF80899FB
:10629000FAF746FF5D49096801F026FF09990246B1
:1062A0000A985B4B0E931A6009680C91594909686A
:1062B0000B9100685849096801F0BEFE0B9902462F
:1062C0000C980D9201F0B8FE0D9901F0F1FD014618
:1062D0000E980F9100685149096801F0ADFE0F99C1
:1062E00001F0E6FD139013984D4901F032FD0028AE
:1062F0000BD1FFE713987D21C90501F014FD00289B
:1063000003D1FFE700201390FFE713988049FEF7C1
:10631000A4FD139013984349086043480068002186
:1063200001F0F6FC00280DD0FFE73E48069000681B
:10633000119901F081FE01460698129100683A49D0
:10634000086015E0384804900068364905910968EE
:1063500001F0AEFD3F21090601F06EFE119901F03A
:106360006BFE049902460598129200680860FFE7E8
:1063700012982E4901F060FE129012982C49FEF7F7
:106380006CFD129012992B480290006801F090FD6C
:1063900002990860129928480390006801F088FD6E
:1063A00003990860FFE723480068244901F0D1FC05
:1063B000002809D1FFE71F4801900068224901F039
:1063C00077FD01990860EEE7FFE71A4800681C496D
:1063D00001F0A9FC002809D1FFE7164800900068E9
:1063E000184901F065FD00990860EEE716B080BD20
:1063F00015022020A80020203333834104022020EE
:106400002402202008022020280220200C02202024
:106410002C02202034022020380220208800202056
:10642000000080BE0002202018022020D34DA23F91
:106430000000A040B4022020B80220200000344315
:10644000000034C30000B4430000B4C31C02202089
:1064500080B584B002902A48006800280AD1FFE77E
:106460000298274908602749002008602B490860E6
:10647000039041E0029822490A68801A019002982C
:10648000086001981F49086001981F49884208D395
:10649000FFE70198FAF75EFF1C49FAF741FE00900A
:1064A00004E00198FAF756FF0090FFE700981849BA
:1064B00001F039FC002806D1FFE718491B480860A5
:1064C0001B48039018E00098124901F042FC002894
:1064D00006D1FFE7114913480860134803900BE009
:1064E00000980D4901F0A8FD0C49086000980C497E
:1064F00001F0A2FD0390FFE7039804B080BDC04601
:106500001C02202030022020410D03000000A04288
:106510000000FA43005043476F12833A20022020C4
:10652000BD37863500004842CDCC4C3D00002041AF
:106530000BD7233CD64880690321C90240587047D5
:1065400080B584B0034603A80370029101920178DC
:10655000029A019B094800F07BFA04B080BDC04656
:1065600080B582B00A4601A90870684602700978B1
:106570000278024800F008FE02B080BD3C022020F4
:1065800081B000900098006801B0704781B0009021
:10659000009900200860009948600099886000997F
:1065A000C8600099087401B07047000080B592B0CF
:1065B000119010910F921098002806D5FFE71098BF
:1065C0004042FAF7BFFE0A9004E01098FAF7BAFECC
:1065D0000A90FFE70A980C900F98002806D5FFE76D
:1065E0000F984042FAF7AEFE099004E00F98FAF7D0
:1065F000A9FE0990FFE709980B900C982749019193
:1066000001F01AFD01990E900B9801F015FD0D9007
:106610000E9811990391496802912149069101F060
:106620000BFD029901F044FC039A069950600D9805
:10663000119A05929268049201F0FEFC049901F00F
:1066400037FC059988600E980D9901F031FC3F21C7
:10665000090601F0F1FC0699119A08921268079256
:1066600001F0EAFC079901F023FC089908601198F1
:10667000C0680C4901F06DFB00280CD1FFE71199AF
:106680000868C96801F072FB002804D1FFE711997E
:1066900001200874FFE712B080BDC046D752AD3D5F
:1066A000CDCCCC3D0AD7233C82B00190009102B002
:1066B0007047000010B592B0119010910F9211A880
:1066C00041880F2001400EA802900170007803213C
:1066D00000F0F8FFB54903916422FDF71BFD0F9907
:1066E000B14A0120002304939142059001D30498FC
:1066F0000590039905986622FDF70CFD0298007835
:1067000000F0CEFF119801040A0FC0B2102113232C
:10671000FDF758F8029811998A0B3C210A40A449C8
:1067200089580D910D9A5B4B2221D1505A490C91F9
:106730000078022805D0FFE70EA80078052804D1CC
:10674000FFE70C9840080C90FFE70EA80078062899
:106750000BD1FFE70C981099F9F7A8FE0B9008A948
:106760000020087007A908702BE00C981099F9F721
:106770009DFE0B900BA841880A910A99090A08AA64
:1067800011700088002812D1FFE70AA800780028BD
:106790000DD1FFE70898401E08A908700A980978EB
:1067A000491CF9F783FE401E07A9087008E00A9803
:1067B00008A90978491CF9F779FE07A90870FFE7CD
:1067C000FFE70B9808A900910978491CF9F76EFEBC
:1067D00007A901910978491CF9F768FE009902465A
:1067E0000198521E09920D9B2C4C08221A510978CF
:1067F0000D9A01231C03115100780D99284A8850E5
:1068000009980D996B4A885011980002000F069064
:1068100011980002000F83400D9911200202885840
:10682000184388500698012813D8FFE7069A900568
:10683000510708430D99D207520F8918194A8850F9
:106840000D980699C907490F4118194A17488850E9
:1068500012E0069A9005510708430D99D207520F8E
:106860008918104A88500D980699C907490F411890
:106870000D4A0E488850FFE711980F9900F01AF85A
:106880000D99044A885801231843885012B010BD4E
:10689000208C00000418000000B4C404081000009C
:1068A0000C110000301800007818000001040000EE
:1068B0007018000080B58CB00B900A910A993A4A82
:1068C0000120002304939142059001D30498059080
:1068D000059836493622FDF71DFC0B98810B3C20AC
:1068E000014033484058099009983249405808906F
:1068F0000898FAF72FFD03900A98FAF72BFD2E4916
:10690000FAF70EFC0146039801F096FBFAF7DEFC5D
:1069100007900B980002000F06900698012815D8E2
:10692000FFE707980899884204D1FFE70898401CC0
:10693000029002E007980290FFE702980999069AF0
:10694000D207520F89181E4A885014E007980899F8
:10695000884204D1FFE70898401C019002E00798A4
:106960000190FFE701980999069AD207520F8918FA
:10697000124A8850FFE70A98002809D1FFE70698D5
:106980000123834009990F4A88581843885008E02A
:1069900006980123834009990A4A885898438850E9
:1069A000FFE70CB080BDC04611270000708B0000CF
:1069B000208C00000818000000401C461818000039
:1069C0001018000004110000B0B58AB004460E98FB
:1069D000099408AC2170079206A901910B7005A9D2
:1069E000029108700998411E8841D7490091164AC2
:1069F000FDF790FB00990198029A00781278801AAE
:106A0000421E9041114AFDF785FB019802990278D8
:106A1000099B1A600978099A51600899099A1172BC
:106A20000799099AD16000781021039101220492FC
:106A30001123FEF763F802980399049A0078122351
:106A4000FEF75CF80AB0B0BDDE020000DF02000015
:106A500010B586B0059004A80190017003920293CE
:106A60000598411E8841B84900911D4AFDF752FB27
:106A700000990398421E904101225202FDF74AFB01
:106A8000059800F0F5F90598017A4906090E00F01D
:106A90005DF901990598097800F058F9059800F01A
:106AA000E7F90598017A4900491CC9B200F04EF98E
:106AB000FFE70298411E029100280BD0FFE70598DE
:106AC00002994A42514100F00DF803994A1C039281
:106AD0000870EEE7059800F037FA06B010BDC04622
:106AE000FF01000080B58AB0099008A801700998DC
:106AF000411E8841DB49C322FDF70CFB07A900209A
:106B0000087006A908200870099800681F2201462D
:106B1000114001238B4040098100D3484158952002
:106B200042018858184388500998C0680590FFE7CB
:106B30000598411E0591002801D0FFE7F8E7099864
:106B400040681F220146114001238B40400981000B
:106B5000C5484158C54A885818438850FFE706AAD7
:106B60001078411E1170002842D0FFE70998006894
:106B70001F220146114001238B4040098100F0484B
:106B80004158952042018858184388500998C06898
:106B90000490FFE70498411E0491002801D0FFE70C
:106BA000F8E7099800681F220146114001238B4035
:106BB00040098100E2484158E24A88581843885009
:106BC0000998C0680390FFE70398411E03910028CD
:106BD00001D0FFE7F8E70798400001900998007995
:106BE000FDF772FF01460198084307A90870B6E750
:106BF000099800681F220146114001238B4040097B
:106C00008100CF4841589520420188581843885048
:106C10000998C0680290FFE70298411E029100287F
:106C200001D0FFE7F8E7099808A9097800F004F80F
:106C300007A800780AB080BD70B586B0059004A89A
:106C4000019001700598411E8841F3496A22FDF7C1
:106C500061FA0198059909681F230A461A40012420
:106C6000944049098A00ED498A5895214B01D15831
:106C70002143D1500078002810D0FFE705984068E4
:106C80001F220146114001238B4040098100E34847
:106C90004158E34A88581843885010E005984068E6
:106CA0001F220146114001238B4040098100DB482F
:106CB000415895204201885818438850FFE70598AD
:106CC000C0680390FFE70398411E0391002801D09C
:106CD000FFE7F8E7059800681F22014611400123ED
:106CE0008B4040098100CD484158CD4A885818430F
:106CF00088500598C0680290FFE70298411E0291F3
:106D0000002801D0FFE7F8E7059800681F24014636
:106D1000214001231E468E4040098100BF48425851
:106D200095214D01515931435151059949680A4600
:106D300022409340490989004158F94A885818432C
:106D4000885006B070BDC0469A8B000080B586B0F2
:106D5000059004A801700598411E8841EE49A822BB
:106D6000FDF7D8F903A980200870FFE703A8007891
:106D700000286FD0FFE704A8007803A9097808422B
:106D800010D0FFE7059840681F22014611400123FB
:106D90008B4040098100E1484158E14A8858184336
:106DA000885010E0059840681F22014611400123D9
:106DB0008B4040098100D9484158952042018858AC
:106DC00018438850FFE703A9087840080870059821
:106DD000C06840080290FFE70298411E0291002817
:106DE00001D0FFE7F8E7059800681F22014611402F
:106DF00001238B4040098100C8484158C84A88583F
:106E0000184388500598C0680190FFE70198411E1B
:106E10000191002801D0FFE7F8E7059800681F22DC
:106E20000146114001238B4040098100BB48415875
:106E3000952042018858184388500598C06840083A
:106E40000090FFE70098411E0091002801D0FFE765
:106E5000F8E78BE7059800F0E5F8401E411E8841F1
:106E600006B080BD9A8B00008000202090120000A8
:106E700070B584B003900398411E8841D7494122E0
:106E8000FDF748F9039800681F25014629400123B2
:106E90001E468E4040098100A0484458A04AA1588F
:106EA0003143A150039949680C462C40A34049093D
:106EB000890041588858184388500398C068029048
:106EC000FFE70298411E0291002801D0FFE7F8E792
:106ED000039840681F220146114001238B4040095E
:106EE00081008E48415895204201885818438850A7
:106EF0000398C0680190FFE70198411E01910028A6
:106F000001D0FFE7F8E7039800681F22014611400F
:106F100001238B404009810080484158952042015F
:106F20008858184388500398C0680090FFE700987D
:106F3000411E0091002801D0FFE7F8E704B070BDC2
:106F4000800020209012000070B584B00390039858
:106F5000411E8841A1495522FDF7DCF8039840689D
:106F60001F250146294001231E468E40400981000D
:106F70006A48445895214A01A1583143A1500399C8
:106F800009680C462C40A34049098900415888589B
:106F9000184388500398C0680290FFE70298411E8A
:106FA0000291002801D0FFE7F8E7039800681F224C
:106FB0000146114001238B40400981005748415848
:106FC000574A8858184388500398C0680190FFE7D3
:106FD0000198411E0191002801D0FFE7F8E70398CE
:106FE00040681F220146114001238B404009810067
:106FF0004A4841584A4A8858184388500398C068FC
:107000000090FFE70098411E0091002801D0FFE7A3
:10701000F8E704B070BDC0469A8B000080002020C5
:107020009012000070B586B005900598411E884109
:107030006A498622FDF76EF804A9002008700598B9
:1070400000681F240146214001231E468E4040094E
:1070500081003248425895214D01515931435151D7
:10706000059949680A4622409340490989004158D8
:107070002B4A8858184388500598C0680390FFE74A
:107080000398411E0391002801D0FFE7F8E7059817
:1070900000681F220146114001238B4040098100F6
:1070A0001E4841581E4A8858184388500598C068A1
:1070B0000290FFE70298411E0291002801D0FFE7ED
:1070C000F8E705980079FDF7FFFC002804D0FFE7FA
:1070D00004A901200870FFE7059800681F220146F7
:1070E000114001238B40400981000C4841589520F4
:1070F00042018858184388500598C0680190FFE7FE
:107100000198411E0191002801D0FFE7F8E704A88B
:10711000007806B070BDC0469A8B00008000202029
:107120009012000080B584B0039002910192039800
:10713000411E884129490091FA22FCF7EBFF009992
:107140000298421E9041FB22FCF7E4FF0398FFF7F0
:107150008FFE0398017A4906090EFFF7F7FDFFE756
:107160000198411E0191002808D0FFE70398029979
:107170004A1C02920978FFF7E9FDF1E70398FFF74F
:10718000E3FE04B080BDC04680B586B0059004A87B
:107190000190017003A8029002700598411E884179
:1071A0000E49FF223A32FCF7B5FF0598FFF760FE63
:1071B0000598017A4906090EFFF7C8FD019905985F
:1071C0000978FFF7C3FD029905980978FFF7BEFD1E
:1071D0000598FFF7B9FE06B080BDC0469A8B000047
:1071E00081B00090009900200860009948600099E3
:1071F00088600099C860009908610099486101B0F1
:10720000704780B582B0019000910198009900F01C
:10721000A0FD002803D1FFE70098019010E001983D
:1072200000990122D207514000F07DFD002806D1CF
:10723000FFE700980121C90748400190FFE7FFE7F9
:10724000019802B080BD80B582B0019001980068BD
:1072500000900198FFF7C4FF00980199086002B000
:1072600080BD80B582B0019000910098002100F0AF
:107270004FFD00281ED1FFE701980068002100F0B3
:1072800068FD002807D1FFE70098002100F06EFD9F
:1072900000280FD1FFE701980068002100F043FDAE
:1072A00000280BD1FFE70098002100F052FD0028D4
:1072B00004D1FFE70198FFF793FFFFE700980199DA
:1072C000086002B080BD000080B582B000900098D8
:1072D000002100F03EFD002804D1FFE77F20C0051B
:1072E00001900DE00098002100F01DFD002803D161
:1072F000FFE70548019003E0FFE700200190FFE76A
:10730000019802B080BDC046000080BF10B594B0A7
:10731000169C1290119110920F931198FAF712F88F
:10732000454900F089FE4549F9F7FAFE129948608F
:1073300012990B91486889680A9100F0D5FE7D2169
:10734000C90500F079FE0A9900F0B2FD0B9988603A
:1073500012980068002100F0DBFC002807D0FFE74E
:107360001298FFF770FF13A9002008805EE01299C1
:107370000868896800F0B8FE0E90109801900E9889
:107380000490129905910969039100F0ADFE0499EA
:1073900000900F9800F050FE00990246019802926A
:1073A00000F04AFE029900F083FD039907901698B9
:1073B0000690084600F07CFD0146049800F094FE1B
:1073C0000599496900F074FD0146069800F034FE05
:1073D000079900F06DFD0D901298C0680D9900F0AE
:1073E00067FD17490991FFF70CFF1299C8601299C0
:1073F000086948610E981299086112980068FFF7B1
:1074000063FF1299C96808910E4900F015FE0899AA
:1074100000F04EFD09990C900C98FFF7F2FE0C90CD
:107420000C98F9F72DFF13A90880FFE7002113A896
:10743000405E14B010BDC04600606A4700683F4718
:107440000000FA4500007A447047000081B00090C7
:107450001C490F4808601C49002008601B49052092
:107460000860FFE70098411E009100280ED0FFE75A
:10747000FFE716480068C003002801D4FFE7F8E7DB
:1074800012490868012210430860EBE701B0704719
:107490008038010081B0009000995020484309498C
:1074A0000860094900200860084905200860FFE7D6
:1074B00006480068C003002801D4FFE7F8E701B0E0
:1074C0007047C04614E000E018E000E010E000E083
:1074D00010B588B007AC207006A80170059204A80A
:1074E0000290038000210191405E00F071F8019943
:1074F000024602980280405E01280EDBFFE707A8E3
:1075000000780121FDF7F8FB06A800780021FDF7BF
:10751000F3FB049803A9088024E0002104A8405E3E
:1075200000280FD5FFE707A800780021FDF7E4FB4E
:1075300006A800780121FDF7DFFB0498404203A96B
:1075400008800EE007A8007800210091FDF7D4FB29
:10755000009906A80078FDF7CFFB009803A90880E2
:10756000FFE7FFE7059803A90988FFF7A3F908B02B
:1075700010BD000080B584B033201021009100229E
:10758000039211230193FDF7B9FA0099019B039A25
:107590003120FDF7B3FA0099019B039A0846FDF7E5
:1075A000ADFA0099019B039A3820FDF7A7FA039AD8
:1075B0002C4806490291FFF77DF80299039A284862
:1075C000FFF778F800F050F804B080BD204E0000BE
:1075D00081B00146684601800021405E0C49884226
:1075E00004DBFFE769460D4808800BE00021684690
:1075F000405E0849884204DCFFE769460648088087
:10760000FFE7FFE700216846405E01B07047C046D3
:1076100011270000EFD8FFFFF0D80000102700006E
:1076200080B582B0024601A802706A4611800078D7
:10763000002809D1FFE700216846435E332031214D
:10764000084AFFF745FF08E000216846435E102026
:107650003821034AFFF73CFFFFE702B080BDC04678
:107660000D5012000C40020080B582B00021019143
:107670000846FFF7D5FF01990120FFF7D1FF02B0BF
:1076800080BD000081B0014668460170007881002D
:107690008E4841580320C2020020885001B0704734
:1076A00081B00146684601700078810087484158E2
:1076B000034A885801231843885001B07047C046D8
:1076C0000811000083B0024602A8027001AA1170DE
:1076D0006A460121117001781048405C002806D1EB
:1076E000FFE7019802A90A780C49885411E002A822
:1076F00001780A48405C01A90978884204D1FFE773
:1077000069460120087003E0694600200870FFE721
:10771000FFE76846007803B07047C0467802202033
:1077200080B58AB0024609A80390027008AA0492A4
:10773000117000780121FFF7C5FF4A49B222FCF71A
:10774000E9FC039801788A0060498958079100781C
:10775000FFF7A6FF0498079A5D4B2021D150079AA6
:10776000414B4249D1504249069100780590012889
:1077700004D0FFE70598022823D044E009A8007848
:10778000022805D0FFE709A80078052804D1FFE703
:10779000069840080690FFE707990120029002032F
:1077A0000020885006983649F8F780FE0146029876
:1077B000491E079A304BD15009A90A782F4988549D
:1077C00041E009A80078022805D0FFE709A8007861
:1077D000052804D1FFE7069840080690FFE70799BF
:1077E00001200203072088500698C0082149F8F7B5
:1077F0005DFE401E0799204A885009A802781F495B
:10780000022088541FE009A80078022805D0FFE76D
:1078100009A80078052804D1FFE7069840080690DB
:10782000FFE706981749F8F741FE401E0799012225
:10783000120388500799104A0020885009A90A7835
:107840000E498854FFE707990F4A0820885009A875
:107850000190007800F02AF801980078FFF712FFF5
:107860000AB080BDC98B000008180000FFFF0000AF
:1078700000B4C40450C300000C1100007F0220209B
:1078800040420F00005A62020810000081B0014619
:1078900068460170007881000C4841580C4A8858AD
:1078A00001231843885001B07047C04681B001469B
:1078B000684601700078810004484158044A88589D
:1078C00001239843885001B07047C046208C0000C7
:1078D00004180000704782B00190009102B0704718
:1078E00010B592B011AC0794207010910F920E93C6
:1078F0000F9801040A0FC0B210211323FBF762FF97
:107900000E9801040A0FC0B2002105910423FBF771
:1079100059FF079800788100664806904058324920
:10792000FBF760FC069807990978890040582F49B1
:10793000FBF7E6FB06980799097889004058012172
:10794000C903FBF761FC079801782948294A089286
:107950000329099001D0089809900998019010987E
:10796000F9F78DFA024605980B460199F9F704F8E4
:10797000059AFF239B05F9F785FA0D910C900C9859
:107980000D99F9F71DFA01460BA8049001800C9996
:1079900002910D9903910088F9F769FA024602985D
:1079A0000B460399F8F7C5FF059A134BF9F76AFAE6
:1079B000059A124BF8F7B0FFF9F702FA0499079B02
:1079C000044606980AAA14801B789B00C0580988B0
:1079D0001288FBF7E1FB079906980978890040585F
:1079E000FBF76FFB12B010BD3C8C00003E8C00001A
:1079F000D0129341D0128341000050400000E03F7C
:107A000080B584B003AA0092107002910298411EC2
:107A1000884127499E22FCF77DFB009801AA00219E
:107A200011700078810023484058FBF797FB00282D
:107A30000DD1FFE703A8007881001E484058FBF7EE
:107A400097FB0299087001A901200870FFE701A8BF
:107A5000007804B080BDC04680B582B001AA107025
:107A600000910098411E884111496C22FCF752FB9D
:107A7000FFE700980078002818D0FFE7FFE701A88B
:107A8000007881000B484058FBF75EFB002801D0CE
:107A9000FFE7F4E701A80078810006484058009904
:107AA0004A1C00920978FBF7BEFBE2E702B080BDFA
:107AB000F58B0000BC00202081B06A461070107861
:107AC00083002A490020C8501178CB002049C850B3
:107AD0001278D2008918486001B0704780B5002044
:107AE000FFF7EAFF0120FFF7E7FF80BDB0B588B0E0
:107AF00007900691069805900598017804A80190D2
:107B000001700178CA0012498A18059949788B00DA
:107B1000D158491CD150007800F060F8019A03A9AF
:107B2000087010782C49085C83000398034302A86E
:107B3000037003780748C556107884000B4B18591A
:107B40004019185103981278885408B0B0BDC04647
:107B5000A00220204086000081B0014668460170E6
:107B6000007881000148405801B0704798022020F9
:107B700080B584B0164A0292164B00931920032157
:107B80000191FCF7D9FC00980199029A831C0E2000
:107B9000FCF7D2FC00980199029A031D1A20FCF709
:107BA000CBFC00980199029A831D1B20FCF7C4FCB2
:107BB000002000F013F8084903910870012000F03C
:107BC0000DF803994870FFF789FF04B080BDC046E7
:107BD000ED7A0000CC002020B002202080B584B0D7
:107BE000014602A80170007800280ED1FFE7192095
:107BF000FCF76AFF400001900E20FCF765FF01468C
:107C00000198084303A908700DE01A20FCF75CFFF7
:107C1000400000901B20FCF757FF014600980843E6
:107C200003A90870FFE703A8007804B080BD000036
:107C300080B582B00190FFE701980E4900F089F805
:107C4000002806D1FFE701980D4900F031F90190B5
:107C5000F2E7FFE70198084900F065F8002806D12F
:107C6000FFE70198054900F023F90190F2E7019838
:107C700002B080BD00003443000034C30000B443B0
:107C80000000B4C3F8B5040C8BB2264682B25E4342
:107C9000104658430D0C370C360400218019164647
:107CA00079416E43370C36048019264679416E437C
:107CB0008919F8BD4900CA020243100000D004200F
:107CC0004A0D01D001221043044A490D914201D1CD
:107CD00002210843012800D105207047FF0700005A
:107CE00010B500F081F8EFF30080800001D501208D
:107CF00010BD002010BD10B500F0A8F8EFF3008013
:107D00004000800F012801D0012010BD002010BDCF
:107D100010B500F013F9EFF30080400001D5012009
:107D200010BD002010BD10B500F032F9EFF3008057
:107D3000800001D5012010BD002010BD10B500F05D
:107D400027F9EFF300804000800F012800D00020C9
:107D500010BD10B500F046F9EFF300804000800F31
:107D6000012801D0012010BD002010BD10B500F089
:107D700039F9EFF30080800001D4012010BD00200C
:107D800010BD30380A2801D201207047002070470A
:107D900010B500290AD00878002807D00548784493
:107DA000F8F740FB002801D0002010BD02487844BD
:107DB00010BD0000CA0E0000C20E000010B5002960
:107DC0000AD00878002807D005487844F8F72AFB3D
:107DD000002801D0002010BD0248784410BD0000EA
:107DE000BA0E0000B20E000070B501252D050C0082
:107DF0001C4310D4EC4206D4AC420AD4994200D0C1
:107E000070BD904270BDE94217D4EB4215D499423F
:107E100070BD894270BDEC4206D5AC42F9D58B42AB
:107E200000D070BD824270BD6D004C00EC4204D2A7
:107E30005C00EC4201D28B4270BD034C30B4FAF7C7
:107E4000A5F930BC70BD00BF1900130470B5012541
:107E50002D050C001C4310D4EC4206D4AC420AD4CD
:107E6000994200D070BD904270BDE94217D4EB42F8
:107E700015D4994270BD894270BDEC4206D5AC4222
:107E8000F9D58B4200D070BD824270BD6D004C00B0
:107E9000EC4204D25C00EC4201D28B4270BD034C38
:107EA00030B4FAF773F930BC70BD00BF1900160486
:107EB00070B50125ED0704004C4020D4441A01D2CE
:107EC000001B0919C60D4B00F2B2FF2A29D01B0E68
:107ED0002CD000020C0228432C43D31ADC40051995
:107EE00010D2280A02D3401C6D0611D0761EF6056A
:107EF0008019FF2A00DA70BDC00DC00570BD694051
:107F000000F0F8F801200543C541521C761CE8E753
:107F100064089C40C90161408900E7D10124A04365
:107F2000E4E71B0E440200D0034870BD002AFCD1D8
:107F3000C00FC00770BD00BF0000C07F0123DB057C
:107F400002000A430DD4DA4203D49A4207D488428D
:107F50007047D84214D4D94212D488427047804224
:107F60007047DA4203D59A42F9D5814270475B00E7
:107F70004200DA4204D24A00DA4201D2814270471A
:107F800010B5024AFAF752F910BD00BF09001204F9
:107F90000123DB0502000A430DD4DA4203D49A42DE
:107FA00007D488427047D84214D4D94212D48842A8
:107FB000704780427047DA4203D59A42F9D5814230
:107FC00070475B004200DA4204D24A00DA4201D232
:107FD0008142704710B5024AFAF728F910BD00BF78
:107FE000090013040123DB0502000A430DD4DA4221
:107FF00003D49A4207D488427047D84214D4D94255
:1080000012D48842704780427047DA4203D59A42C0
:10801000F9D5814270475B004200DA4204D24A003F
:10802000DA4201D28142704710B5024AFAF7FEF8EF
:1080300010BD00BF0900160470B5420064414B003A
:108040005C41120E39D01B0E38D0FF2A3CD0FF2BDA
:108050003AD0D2187F3A40024902400A490A4518EC
:10806000ED0106004E43000A090A48430104731A51
:108070004019190C4318990F04D05B0801214907D6
:108080005B1A521CD80904D3401CF50301D19D068C
:1080900007D0FF2A08D2D50506D0E40720434019AF
:1080A00070BD0125A843F4E7002A01DCE00770BD9C
:1080B0002402FF202043C00570BD1B0EFF2A03D001
:1080C000FF2B01D0E00770BDFF2636064500B54204
:1080D00006D84D00B54203D8D218FF2A00D0E7E7F2
:1080E000004870BD0000C07F70B50125ED07040099
:1080F0004C4022D4441A02D26C40001B0919C60D10
:108100004B00F2B2FF2A4BD01B0E50D000020C02E3
:10811000A8432C43D31ADC40051B05D5AD0019D369
:108120006D08761E521E37D0F605280A01D2801936
:1081300070BD70416D0603D070BD6940FFF7BEFE93
:108140009C4009026140490001D0401E70BD0124DD
:10815000A04370BD6D081DD001202B0C01D12D0452
:1081600010302B0E01D12D0208302B0F01D12D0123
:10817000001DAB0F01D1AD00801CEB0F01D16D00D4
:10818000401C361A121A6D00680AF5054019012ABA
:1081900002DB70BD002070BDC036300AC00770BD64
:1081A0001B0E440201D1FF2B00D1024870BD002AF2
:1081B000F0D070BD0000C07F03B40248784484460C
:1081C00003BC6047B599FFFF03B402487844844676
:1081D00003BC60471D9CFFFF80807F7E7D7C7B7A97
:1081E0007978777676757473727171706F6E6E6D63
:1081F0006C6C6B6A6A696868676666656464636309
:1082000062616160605F5F5E5E5D5D5C5C5B5B5A8E
:108210005A595958585757565655555554545353FB
:1082200052525251515050504F4F4F4E4E4D4D4D56
:108230004C4C4C4B4B4B4A4A4A49494948484847A1
:1082400047474746464645454544444444434343DF
:1082500043424242424141418182838485868788EC
:10826000898B8C8D8E8F919293959697999A9C9DE0
:108270009FA0A2A3A5A7A8AAACAEB0B2B3B5B7B948
:10828000BCBEC0C2C5C7C9CCCED1D4D7D9DCDFE211
:10829000E6E9ECF0F3F7FAFE000000000000000051
:1082A000303132333435363738394142434445462C
:1082B0004030580030313233343536373839616226
:1082C0006364656640307800040000080000000028
:1082D0000000000200010000103031323334353626
:1082E00037383961626364656678700030313233E3
:1082F00034353637383941424344454658500000FA
:1083000002400000000000A0000000000540000046
:10831000000000C8000000000C4000000000409C6D
:1083200000000000194000000020BCBE000000005A
:1083300034400000BFC91B8E00000004B54000009F
:10834000504BCFD06607E2CF010000006C41000027
:108350003E8251AADFEEA73401000000D94200009E
:10836000DCB5A0E23A301F97FFFFFFFFB4450000E5
:10837000FD25A0C8E9A3C14FFFFFFFFFFF3F00009D
:108380000000008000000000FF3F000000000080AF
:10839000000000000000000000000000002F0000AE
:1083A00000000700070000147F147F1400242A7FB8
:1083B0002A12006264081323003649552250000037
:1083C0000503000000001C224100000041221C00A7
:1083D0000014083E08140008083E0808000000A029
:1083E00060000008080808080000606000004020E5
:1083F00010080402003E5149453E0000427F400003
:10840000004261514946002141454B310018141288
:108410007F10002745454539003C4A494930000155
:108420007109050300364949493600064949291EA4
:108430000000363600000000563600000008142206
:108440004100001414141414000041221408000206
:108450000151090600324959513E007C1211127C2B
:10846000007F49494936003E41414122007F414158
:10847000221C007F49494941007F09090901003E4A
:108480004149497A007F0808087F0000417F410088
:10849000002040413F01007F08142241007F4040FE
:1084A0004040007F020C027F007F0408107F003EE6
:1084B0004141413E007F09090906003E4151215ECC
:1084C000007F091929460046494949310001017FC9
:1084D0000101003F4040403F001F2040201F003F5F
:1084E0004038403F00631408146300070870080711
:1084F00000615149454300007F41410002040810DA
:108500002040000041417F000004020102040040BD
:1085100040404040000001020400002054545478C0
:10852000007F4844443800384444442000384444E0
:10853000487F00385454541800087E09010200187E
:10854000A4A4A47C007F080404780000447D4000BB
:10855000004080847D00007F102844000000417F9F
:108560004000007C04180478007C0804047800387B
:108570004444443800FC242424180018242418FC03
:10858000007C0804040800485454542000043F446C
:108590004020003C4040207C001C2040201C003C2F
:1085A0004030403C004428102844001CA0A0A07C7F
:1085B000004464544C4414141414141401000300B3
:1085C00003000000000000000000000000000000A8
:1085D0000000000010000000000100000700000083
:1085E000010000002C00C441000000000000000059
:1085F000000000000001060708090A0D12131415F7
:108600002122232425262728292D2E3435363A3BAE
:10861000020304050B0C0E0F1011161718191A1B64
:108620001C1D1E1F202A2B2C2F3031323337383996
:10863000A2FE06FF6AFFCEFF32009600FA005E013E
:1086400000FF0100010000FFFF0000010001FF002A
:108650005961772063616C6962726174696F6E2021
:108660007363616C653D312E3236382028696E7334
:1086700074616C6C65642076656869636C65292E2D
:108680000D0A004D50552D3635303020696E697415
:108690002E2E2E0D0A0055415254313D31313532C6
:1086A00030302C2048432D3035205541525433284A
:1086B0005042322F504233293D393630302E0D0A88
:1086C0000041434B2052455345543A207961773D50
:1086D000302E0D0A004552524F5220494D55204E22
:1086E0004F5420464F554E443A20636865636B20D3
:1086F00035562F474E442F5041312D53434C2F5068
:1087000041302D5344412E0D0A00436172207265A1
:10871000616479207769746820494D5520666175D8
:108720006C743B2068656164696E6720686F6C6477
:108730002064697361626C65642E0D0A0041434BCD
:108740002053544F503A206D6F746F7273207374BE
:108750006F707065642E0D0A004D50552D36353002
:10876000302063616C6962726174696F6E20646F3E
:108770006E652E0D0A00416E676C652D6C6F6F7013
:10878000206361722072656164792E20494D553DE8
:108790004D50552D363530302C205961772061638E
:1087A000746976652E0D0A0041434B20484F4C44B6
:1087B0003A2073746174696F6E61727920686561C3
:1087C00064696E67206C6F636B65643B2073656ED4
:1087D00064203020746F20657869742E0D0A005370
:1087E000656E6420313D737461727420303D737422
:1087F0006F7020683D7061726B5F686F6C6420728F
:108800003D72657365745F79617720643D64697357
:10881000742E0D0A0041434B2053544152543A20C8
:10882000332073207361666574792064656C6179A7
:108830002E0D0A004E41434B20484F4C443A2049EC
:108840004D55206E6F742072656164792E0D0A009B
:10885000556E6B6E6F776E20636D642E20313D53C5
:108860005441525420303D53544F5020723D524594
:1088700053455420643D444953540D0A0050494423
:108880003A2073706565645B31302C312C305D208B
:10889000616E676C65575B302E352C302E30312C75
:1088A000302E315D20616E676C65535B322C302E4B
:1088B00030352C302E335D0D0A00494D552079613D
:1088C000773D252B362E316620746F74616C3D2503
:1088D0002B372E316620726174653D252B362E3183
:1088E000662064743D25342E316620746B3D256C02
:1088F00075206779726F5B252B352E31662C252B01
:10890000352E31662C252B352E31665D2077686F2C
:108910003D253032582072756E3D2575207061728C
:108920006B3D2575206D6F64653D2575206D617308
:108930006B3D253032582061653D252B352E316643
:108940002061633D252B352E3166207467745B25CD
:1089500033642C2533645D206F646F3D252E3166B2
:108960000D0A004F444F20746F74616C3D252E3109
:108970006620636D206C6566743D252E316620721D
:10898000696768743D252E31660D0A00494D555FB3
:108990004158495320783D252B2E346620793D25BA
:1089A0002B2E3466207A3D252B2E34660D0A00418D
:1089B0004E474C3A204F464620202000414E474C1F
:1089C0003A20484F4C44202000414E474C3A205713
:1089D00045414B202000414E474C3A205745414BE2
:1089E0002000414E474C3A205041524B20004B450D
:1089F0004550205354494C4C2E2E2E00484F4C4489
:108A00002044495341424C454400494D553A204E7B
:108A10004F5420464F554E440057484F3A204E4F32
:108A200020524553504F4E534500434845434B2039
:108A3000574952494E47005449204341522076320B
:108A400020494D55204F4E0053544F50005449205B
:108A500043415220494D55204552524F5200434800
:108A600045434B204D5055205749524553005245E0
:108A70005345540053454E44203120544F20535405
:108A800041525400444953540043414C49425241DD
:108A900054494E4720494D55005941573A20252BFE
:108AA000362E3166005941573A202020302E302092
:108AB000646567000D0A66696C65202573206C6922
:108AC0006E652025642E0D0A000D0A66696C65200E
:108AD0002573206C696E652025643A2025732E0D60
:108AE0000A006C696E653A202564004C6F67206D42
:108AF0006573736167650041737365727420657295
:108B0000726F720066696C653A2025730066696C45
:108B1000653A206D646B2F2573002E2E2F2E2E2F7D
:108B20006C69627261726965732F7A665F636F6DDB
:108B30006D6F6E2F7A665F636F6D6D6F6E5F6669C6
:108B4000666F2E63002E2E2F2E2E2F6C696272619F
:108B5000726965732F7A665F6472697665722F7ABF
:108B6000665F6472697665725F6770696F2E630015
:108B70002E2E2F2E2E2F6C69627261726965732FF3
:108B80007A665F6472697665722F7A665F6472696D
:108B90007665725F70776D2E63002E2E2F2E2E2F2E
:108BA0006C69627261726965732F7A665F6472695B
:108BB0007665722F7A665F6472697665725F736F2D
:108BC00066745F6969632E63002E2E2F2E2E2F6C24
:108BD00069627261726965732F7A665F6472697621
:108BE00065722F7A665F6472697665725F74696D0B
:108BF00065722E63002E2E2F2E2E2F6C69627261ED
:108C0000726965732F7A665F6472697665722F7A0E
:108C1000665F6472697665725F756172742E630057
:108C200000008640002086400040084000808640CA
:108C300000A08640000009400000874008000000B6
:108C40001800000000300000988D00000000202077
:108C5000E000000020010000788E0000E0002020ED
:108C6000E0150000480100001C0000004300000067
:108C7000F8FFFFFF0C0000000E0000000F000000D6
:108C80002E0000001001000043000000F8FFFFFF6D
:108C9000004040404040404040404141414141400F
:108CA00040404040404040404040404040404040C4
:108CB0004005020202020202020202020202020253
:108CC0000220202020202020202020020202020258
:108CD00002029090909090901010101010101010B0
:108CE00010101010101010101010101002020202BC
:108CF0000202888888888888080808080808080800
:108D000008080808080808080808080802020202FB
:108D10004000000000000000000000000000000013
:108D20000000000000000000000000000000000043
:108D30000000000000000000000000000000000033
:108D40000000000000000000000000000000000023
:108D50000000000000000000000000000000000013
:108D60000000000000000000000000000000000003
:108D700000000000000000000000000000000000F3
:108D800000000000000000000000000000000000E3
:108D900000000000000000002F4500002F450000EB
:108DA0002F4500002F4500002F4500002F450000F3
:108DB0002F4500002F4500002F4500002F450000E3
:108DC0002F4500002F4500002F4500002F450000D3
:108DD0002F4500002F4500002F4500002F450000C3
:108DE0002F4500002F4500002F4500002F450000B3
:108DF0002F4500002F4500002F4500002F450000A3
:108E00002F4500002F4500002F4500002F45000092
:108E10002F4500002F45000000000A4000200A40B6
:108E20000000803FA9660000A9660000A966000056
:108E3000A9660000A9660000A9660000A9660000F6
:108E400001000000D7780000D7780000D778000034
:108E5000D778000000801040000010400020104033
:108E6000000050400000000101000101D578000021
:088E70000100000000000000F9
:04000005000000C136
:00000001FF
